<0000> ８月１２日(土);;;<0000> 12/08 (sam.)
<0001> 翌朝。;;;<0001> Le lendemain matin.
<0002> 目覚めると、遠野の姿がどこにも見あたらなかった。;;;<0002> Quand je me suis réveillé, Tohno avait disparu.
<0003> ベンチの上にひとり身を起こすと、忘れかけていた孤独感が、微睡みの残る思考に染み込んできた。;;;<0003> Je me relevai pour m'asseoir, seul, sur le banc, et un sentiment de solitude que j'avais presque oublié s'infiltra dans mes pensées encore embrumées par la somnolence.
<0004> \{\m{A}}「ぅん…」;;;<0004> Hnng...
<0005> 両腕を天に掲げ、大きく伸びをする。;;;<0005> Je levai mes deux bras vers le ciel pour m'étirer.
<0006> 全身が、一瞬だけ鋭利な槍にでもなったような感覚。;;;<0006> L'espace d'un instant, j'eus l'impression que mon corps tout entier s'était transformé en lance acérée.
<0007> \{\m{A}}「こんな朝早くから、どこにいったんだろうな…」;;;<0007> Où est-ce qu'elle a bien pu aller, dès le matin...?
<0008> いつもの場所には、まだ温かい朝食の用意がなされてある。;;;<0008> On m'avait préparé un petit-déjeuner qui m'attendait, encore chaud, à sa place habituelle.
<0009> 近づいて、飯盒のふたを開けると、朝の空気に形のない湯気がとけていった。;;;<0009> Je m'approchai de la gamelle dont je soulevai le couvercle. Un nuage informe de vapeur se dissipa alors dans l'air du matin.
<0010> その隣。;;;<0010> Juste à côté d'elle...
<0011> 綺麗に並べられた食器の上に、白いメモ用紙の切れ端。;;;<0011> Un bout de papier blanc avait été posé sur les ustensiles soigneusement rangés là.
<0012> 遠野の書き置きが、柔らかな文字とともに夏の陽射しを受けていた。;;;<0012> Les rayons du soleil enveloppèrent les doux caractères écrits par Tohno.
<0013> 『学校へいってきます』;;;<0013> Je pars à l'école.
<0014> たったそれだけの文字。;;;<0014> Pas d'autres mots.
<0015> \{\m{A}}「夏期講習か…」;;;<0015> Des cours d'été, hein...
<0016> 呟きながらも、遠野と顔を合わせることがなかったことに、安心している自分を感じる。;;;<0016> Derrière ce murmure, je me sentais rassuré de ne pas avoir à croiser Tohno.
<0017> もう、さけることのできない目覚め。;;;<0017> Un réveil auquel l'on ne pouvait plus échapper.
<0018> もしかしたら、それを一番怖がっているのは、誰より俺自身なのではないだろうか…。;;;<0018> Peut-être bien que celui qui redoutait le plus ce moment n'était autre que moi-même...
<0019> ………。;;;<0019> ..........
<0020> 朝食を食べ終えてから、駅前を離れる。;;;<0020> Le petit-déjeuner consommé, je quittai la gare.
<0021> 目的があるわけじゃない。;;;<0021> Je n'avais pas de destination particulière en tête.
<0022> ただの散歩。散策。物見遊山。;;;<0022> Une simple promenade. Une balade. Une sortie.
<0023> 遠い空の上を飛ぶ、、一羽の白い鳥。;;;<0023> Haut dans le ciel lointain s'élevait un oiseau blanc.
<0024> …カモメだろうか。;;;<0024> ... Une mouette ?
<0025> 微かに聞こえる甲高い鳴き声が、やけに耳を痛めた。;;;<0025> Son cri perçant, à peine audible, me fit fort mal aux oreilles.
<0026> \{\m{A}}「さて…どこへいくか」;;;<0026> Et maintenant... Où allons-nous ?
<0027> 考えながら、しばらく町を歩き回った。;;;<0027> Je marchais dans le village en me posant cette question.
<0028> でも、知っている顔には一度も会うことがなく…。;;;<0028> Mais je ne croisais pas le moindre visage familier.
<0029> 俺はただ、流浪する雲のように、流れるばかりだった。;;;<0029> Je ne faisais qu'errer tel un nuage à la dérive.
<0030> ………。;;;<0030> ..........
<0031> ……。;;;<0031> .......
<0032> …。;;;<0032> ....
<0033> ………。;;;<0033> ..........
<0034> …そして、辿り着いたのは、ひとけの途絶えた神社。;;;<0034> ... Je finis par faire une halte au sanctuaire désert.
<0035> なぜ、こんなところに辿り着いたのかはわからない。;;;<0035> Je n'avais pas la moindre idée de comment j'y étais arrivé.
<0036> 無意識のうちに…。;;;<0036> Dans mon subconscient...
<0037> 知り得ないなにかに呼ばれるままに…。;;;<0037> Appelé par quelque chose d'inconnu...
<0038> \{\m{A}}「………」;;;<0038> .........
<0039> 辺りを見回しても、目にはいるのは緑をたたえた夏の木々。;;;<0039> En regardant autour de moi, tout ce qui pénétra mes yeux fut le vert des arbres de l'été.
<0040> でも、どうしてだろう。;;;<0040> Mais, allez savoir pourquoi...
<0041> ここは、なにかが違うような気がした。;;;<0041> J'avais l'impression que quelque chose ici était différent.
<0042> 他の場所とは違う、異質な空気。;;;<0042> L'atmosphère était unique, introuvable ailleurs.
<0043> ひとの想いに似た、優しくも悲しい空気…。;;;<0043> Les émotions des hommes s'y rassemblaient, tendresse comme chagrin...
<0044> \{声}「…おはよう」;;;<0044> ... Salut.
<0045> \{\m{A}}「え…」;;;<0045> Eh...
<0046> 誰かの声が聞こえた。;;;<0046> J'entendis une voix.
<0047> 俺は、一瞬の動揺のうち、その声に振り返った。;;;<0047> Sans un sursaut, je me retournai dans sa direction.
<0048> \{みちる}「………」;;;<0048> .........
<0049> そこには、みちるの姿があった。;;;<0049> Michiru se trouvait là.
<0050> \{\m{A}}「よお、珍しいところで会ったな」;;;<0050> Yo, c'est une sacrée coïncidence, qu'on se croise ici.
<0051> 俺は、軽い挨拶をする。;;;<0051> Je la saluai d'un ton léger.
<0052> \{みちる}「んに…」;;;<0052> Hmnni...
<0053> でも、みちるは、なにやら困ったような顔をするだけで、俺の挨拶に応えようとはしなかった。;;;<0053> Seulement, Michiru ne répondit pas à mon salut autrement qu'en affichant un air troublé sur son visage.
<0054> そして、俺たちは歩いた。;;;<0054> Nous nous sommes ensuite mis en marche.
<0055> 出かけたときはまだ東の空に傾いていた太陽も、いつの間にか高く栄華を誇るようになっていた。;;;<0055> Quand nous nous étions mis en marche, le soleil était encore bas à l'est, mais il était désormais haut dans le ciel, rayonnant de toute sa splendeur.
<0056> \{\m{A}}「なんで、あんなところにいたんだ」;;;<0056> Tu faisais quoi là-bas ?
<0057> 俺は、隣をてくてくと歩くみちるに訊ねた。;;;<0057> interrogeai-je Michiru qui trainait les pieds à côté de moi.
<0058> \{みちる}「うん…」;;;<0058> Hmm...
<0059> \{みちる}「あそこにはね、もうひとりの自分があるの」;;;<0059> Là-bas, en fait, il y a une autre moi.
<0060> それだけを言って、みちるはもう口を開かなかった。;;;<0060> Elle ouvrit la bouche pour dire cela, puis ne la rouvrit pas.
<0061> だから、俺もそれ以上のことは訊かなかった。;;;<0061> Je ne l'interrogeai donc pas davantage.
<0062> 互いに口を噤み、駅までの道のりを、寄り添うように歩き続けるばかりだった。;;;<0062> Nous nous contentâmes de marcher côte  côte jusqu'à la gare.
<0063> ………。;;;<0063> ..........
<0064> ……。;;;<0064> .......
<0065> …。;;;<0065> ....
<0066> 正午をすぎ、俺たちは駅にふたり。;;;<0066> Midi passé, la gare, à deux.
<0067> ベンチの上、お腹を空かせてふたり…。;;;<0067> Assis sur le banc, affamés, à deux...
<0068> \{みちる}「美凪…かえってこないね…」;;;<0068> Minagi... ne revient pas, hein...
<0069> \{\m{A}}「ああ」;;;<0069> On dirait.
<0070> こうして、遠野の帰りを待ちわびたまま、どれほどの時がたったのだろう。;;;<0070> Combien de temps s'était écoulé depuis que nous avions commencé à attendre Tohno ainsi ?
<0071> \{みちる}「………」;;;<0071> .........
<0072> \{\m{A}}「…どうした」;;;<0072> ... Qu'y a-t-il ?
<0073> \{みちる}「んに？」;;;<0073> Hmnni ?
<0074> \{みちる}「ううん…なんでもない…」;;;<0074> Rien... Rien du tout...
<0075> \{みちる}「そ、それより、おなかへっちゃったねぇ」;;;<0075> Q-Quoi qu'il en soit, j'ai faim.
<0076> \{みちる}「おなか、さっきからぐうぐういっちゃってるよ。にゃはは」;;;<0076> Ça fait depuis un moment que mon bedon ne peut plus s'empêcher de grogner. Nyahaha.
<0077> 自分のお腹を叩きながら、楽しそうに言う。;;;<0077> dit-elle en se frappant le ventre, l'air amusé.
<0078> \{みちる}「くいしんぼさんの、\m{B}\m{A}はどうかな～」;;;<0078> Et toi, Monsieur le glouton~ ?
<0079> 隣に座る俺のお腹に、みちるは耳を押しあてる。;;;<0079> Toujours assise à côté de moi, Michiru posa une oreille contre mon ventre.
<0080> \{みちる}「………」;;;<0080> .........
<0081> そして、そのまま動かなくなった。;;;<0081> Puis s'arrêta de bouger.
<0082> \{\m{A}}「…みちる？」;;;<0082> ... Michiru ?
<0083> 俺は、膝の上に乗ったみちるの柔らかな髪を撫でてやった。;;;<0083> Je caressai doucement la tête de Michiru qui reposait sur mes genoux.
<0084> \{みちる}「………」;;;<0084> .........
<0085> \{みちる}「…ねえ…\m{B}\m{A}」;;;<0085> ... Dis... \m{B}\m{A}.
<0086> \{\m{A}}「うん？」;;;<0086> Hmm ?
<0087> \{みちる}「あのね…」;;;<0087> Tu vois...
<0088> \{みちる}「おねがいがあるの」;;;<0088> J'ai une chose à te demander.
<0089> ………。;;;<0089> ..........
<0090> ……。;;;<0090> .......
<0091> …。;;;<0091> ....
<0092> 昼間の入道雲から発達した雨雲が、茜色の空を覆い隠していた。;;;<0092> Les nuages de pluie qui s'étaient développés à partir des cumulus de l'après-midi recouvraient le pourpre du ciel
<0093> 激しい雨が、大きな音をたてて町に降り注いでいた。;;;<0093> Une pluie furieuse s'abattait sans interruption dans un fracas assourdissant.
<0094> 俺は、その中を彼女の下へと走っていた。;;;<0094> Sous cette pluie, je courrais à sa recherche.
<0095> 重い雨粒が体を打つと、軋むように心が痛んだ。;;;<0095> Chaque fois qu'une goutte venait d'écraser sur moi, je sentais mon cœur se tordre de douleur.
<0096> どこへ向かうべきか。;;;<0096> Où devrais-je aller ?
<0097> そんなことは決まっていた。;;;<0097> C'était évident.
<0098> \{\m{A}}『…お願い？』;;;<0098> ... 'Quelque chose à me demander' ?
<0099> \{みちる}『…うん』;;;<0099> ... Oui.
<0100> \{みちる}『それって、きっと\m{B}\m{A}にしかできないことだから…』;;;<0100> C'est quelque chose que seul toi peux faire pour moi.
<0101> \{みちる}『だから、きいてもらえるかな』;;;<0101> Écouteras-tu ma requête ?
<0102> 少女の傷痕を撫でるように、雨の中を走った。;;;<0102> Comme pour caresser ses cicatrices, je courrais sous la pluie.
<0103> 跳ね返る水たまりが、靴を濡らす。;;;<0103> Les flaques éclaboussaient mes chaussures.
<0104> 知らぬ間に靴の中にも水が入って、足を踏み出すたびに靴底が鳴った。;;;<0104> L'eau s'y infiltra et bientôt, chacun de mes pas fit un bruit caractéristique.
<0105> 足音は、白く煙った町の中に吸い込まれて、すぐに手が届かなくなった。;;;<0105> Le bruit de mes pas se faisait absorber par le village blanc déformé, bientôt hors de portée.
<0106> だけど、それを追いかける必要はなかった。;;;<0106> Mais je n'avais pas de raison de leur courir après.
<0107> 俺は、雨の向こうに見える少女の姿だけを追い求めた。;;;<0107> Ce que je devais poursuivre, c'était la fille que je trouverais au-delà des trombes d'eau.
<0108> 激しい雨が、俺と彼女の隙間に降り注いでいた。;;;<0108> Ce déluge a comme creusé un fossé entre elle et moi.
<0109> でも、その向こうには、きっと夏の青空が広がっているはずだ。;;;<0109> Mais derrière lui s'étend sûrement un ciel d'été tout bleu.
<0110> もし少女がその青空に気づかずにいるならば、俺は教えてあげたかった。;;;<0110> Si elle ne l'avait pas remarqué, c'était à moi de le lui faire remarquer :
<0111> いつだって、俺たちは青空の下にいるのだということを…;;;<0111> Le fait que nous ayons toujours existé sous ce ciel bleu...
<0112> \{みちる}『…美凪は、まよってるんだよ』;;;<0112> ... Minagi ne sait pas quoi faire.
<0113> \{みちる}『まだ、夢から覚めることをためらってるんだよ』;;;<0113> Elle hésite encore à se réveiller de son rêve.
<0114> \{みちる}『だから、美凪の夢を覚ましてあげて』;;;<0114> Alors s'il te plait, réveilles-en-la.
<0115> \{みちる}『そうしないと、誰も前にはすすめなくなってしまうから…』;;;<0115> Sinon, aucun de nous ne pourra plus avancer...
<0116> …白いリノリウムの階段を上った。;;;<0116> ... Je gravis les marches en lino.
<0117> 足跡は、水滴となって、俺の後ろに続いた。;;;<0117> Les traces de mes pas transformées en gouttes d'eau me suivaient.
<0118> 暗い廊下。;;;<0118> Un couloir sombre.
<0119> 非常階段を示す黄緑色の明かりだけが、薄闇に浮かんでいた。;;;<0119> Seule la lueur d'un vert jaunâtre de l'escalier de secours dissipait tant bien que mal la pénombre.
<0120> きゅ…きゅ…;;;<0120> \bCouine\u... \bCouine\u...
<0121> \　きゅ…きゅ…;;;<0121> \ \bCouine\u... \bCouine\u...
<0122> 甲高い靴音が廊下に響く。;;;<0122> Les couinements de mes pas résonnaient dans le couloir.
<0123> これで、いったい何段のぼっただろう。;;;<0123> Combien de marches avais-je déjà escaladées ?
<0124> 振り返ると、下方は薄闇の中に隠れて、うまく数えることができなかった。;;;<0124> Impossible de le savoir, puisque quand je me retournais pour les comptes, celles-ci restaient tapies dans la pénombre.
<0125> …どうでもいいことだった。;;;<0125> ... Cela n'avait aucune importance.
<0126> 階段が、いったい何段あるのかを数えても仕方がない。;;;<0126> Compter le nombre de marches dans cet escalier ne servirait à rien.
<0127> 歩みを止めることなくのぼれば、いつかは終わるものだから。;;;<0127> Si je continuais à grimper sans m'arrêter, je finirais par arriver au bout, tôt ou tard.
<0128> いつかは、必ず辿り着くものだから…。;;;<0128> Tôt ou tard, forcément...
<0129> \{みちる}『これが、最後のおねがいだよ』;;;<0129> C'est ma dernière requête.
<0130> \{みちる}『すごく自分勝手だけど…』;;;<0130> C'est très égoïste, mais...
<0131> \{みちる}『みちるの思い出が、いつもわらって思い出せるものにしてほしい』;;;<0131> Je veux que mes souvenirs restent à jamais heureux.
<0132> \{みちる}『だからね…』;;;<0132> Alors, tu vois...
<0133> …俺は屋上へ通じる階段の踊り場に辿り着いた。;;;<0133> J'atteins le haut des escaliers qui conduisent au toit.
<0134> 鈍色をした鉄扉が、薄闇の中にたたずんでいた。;;;<0134> Une porte en fer terne se dressait dans la pénombre.
<0135> 手を伸ばし、冷たいドアノブを回す。;;;<0135> J'avançais la main pour saisir la poignée glacéee.
<0136> かちゃ…;;;<0136> \bClac\u...
<0137> 小さな音がした。;;;<0137> Elle fit un petit bruit.
<0138> 力を込めて押すと、軋んだ音をたてて、重い鉄扉がゆっくりと開いていった。;;;<0138> Je la poussai avec force, et la porte en fer s'ouvrit lentement en grinçant.
<0139> ………。;;;<0139> ..........
<0140> …淡い月明かりが、色の濃くなったコンクリートを照らしていた。;;;<0140> ... La pâle clarté de la lune éclairait la sombre couleur du béton.
<0141> いつの間にか雨は上がり、雲の隙間からは星の輝きが顔を覗かせていた。;;;<0141> Je remarquai que la pluie avait cessé et que les étoiles étaient en train de se glisser entre les nuages.
<0142> そして、そんな星空を見上げる少女が一人…。;;;<0142> En outre, une fille, seule, était là à les contempler.
<0143> \{美凪}「…ようやく雨があがりましたね」;;;<0143> ... La pluie s'est enfin arrêtée.
<0144> 雨に濡れ、遠い光を反射する足下に視線を落としながら言う。;;;<0144> dit-elle en tournant son regard vers les reflets des lumières lointaines dans les flaques à ses pieds.
<0145> \{美凪}「…知らない間に…雲の上は星空になってました」;;;<0145> ... On dirait... que les étoiles sont sorties de derrière les nuages.
<0146> \{美凪}「…一日なんて…本当にアッという間ですね」;;;<0146> ... La journée... est passée en un clin d'œil.
<0147> 雨だれの音が、風を呼ぶように夜空の下で小さな音を奏でた。;;;<0147> Comme pour inviter le vent, les gouttes de pluie jouaient une petite mélodie dans le ciel de nuit.
<0148> \{\m{A}}「…そうだな」;;;<0148> ... En effet.
<0149> 応えると、遠野は小さな笑顔を俺に向ける。;;;<0149> Tohno se tourna vers moi pour me répondre, un discret sourire sur le visage.
<0150> \{美凪}「…私…この時間になるといつも思うんです」;;;<0150> ... À cette heure-ci... Je pense toujours à la même chose :
<0151> \{美凪}「…今日一日でやれたこと…もっとたくさんあったんじゃないかって」;;;<0151> ... Au cours de la journée... Aurais-je pu faire encore davantage de choses ?
<0152> \{\m{A}}「………」;;;<0152> .........
<0153> \{\m{A}}「…後悔か？」;;;<0153> ... Tu as des regrets ?
<0154> \{美凪}「………」;;;<0154> .........
<0155> 黙って、首を横に振る。;;;<0155> Elle secoua la tête sans dire un mot.
<0156> \{美凪}「…たぶん…違うと思います」;;;<0156> ... Probablement que non... Je ne pense pas.
<0157> \{美凪}「…それは…きっと後悔なんかじゃなくて…」;;;<0157> ... Je... Je ne crois pas que ce soit du regret.
<0158> \{美凪}「…今日できなかったから明日こそはと思える気持ち…」;;;<0158> ... C'est le sentiment que tout ce que je n'ai pas pu faire aujourd'hui, je pourrai le faire demain.
<0159> \{美凪}「…明日を夢見て眠る…幸福な子供の気持ちですよ」;;;<0159> ... Le bonheur enfantin... d'aller se coucher en rêvant du lendemain.
<0160> \{\m{A}}「………」;;;<0160> .........
<0161> \{美凪}「………」;;;<0161> .........
<0162> \{\m{A}}「………」;;;<0162> .........
<0163> \{\m{A}}「…なら、どうしてだ」;;;<0163> ... Alors, pourquoi ?
<0164> \{美凪}「え…」;;;<0164> Eh...
<0165> \{\m{A}}「どうして、おまえは泣いてるんだ」;;;<0165> Pourquoi tu pleures ?
<0166> \{美凪}「………」;;;<0166> .........
<0167> \{美凪}「…泣いてなんかいません」;;;<0167> ... Je ne pleure pas.
<0168> 目を逸らし、呟くように言う。;;;<0168> dit-elle dans un soupir avant de détourner le regard.
<0169> \{\m{A}}「馬鹿っ、つまらない意地を張るな」;;;<0169> Idiote. Ça ne sert à rien de jouer aux dures.
<0170> \{美凪}「………」;;;<0170> .........
<0171> \{美凪}「…つまらない？」;;;<0171> ... À rien ?
<0172> \{\m{A}}「泣きたいときに泣くのは、悪いことじゃないぞ」;;;<0172> Il n'y a rien de mal à pleurer quand tu veux pleurer.
<0173> 触れたくて、そっと遠野の肩に手を伸ばす。;;;<0173> Je voulus la toucher, alors je tendis une main vers son épaule.
<0174> でも……。;;;<0174> Mais...
<0175> す…;;;<0175> \b!\u...
<0176> 伸ばした手を、遠野は擦り抜ける。;;;<0176> Tohno 
<0177> \{\m{A}}「…遠野？」;;;<0177> Tohno avait esquivé ma main.
<0178> \{美凪}「………」;;;<0178> .........
<0179> \{美凪}「…どうして…」;;;<0179> ... Pourquoi...?
<0180> \{\m{A}}「？」;;;<0180> ?
<0181> \{美凪}「どうして、つまらないんですかっ」;;;<0181> Pourquoi vous dites que ça ne sert à rien ?!
<0182> \{美凪}「親友のために意地を張るのが、そんなにつまらないことですかっ」;;;<0182> Vous pensez que ça ne sert à rien de jouer aux dures pour le bien de sa meilleure amie ?!
<0183> \{\m{A}}「おい、なにを…」;;;<0183> Hé, qu'est-ce que...
<0184> いつもとは違う、遠野の声。;;;<0184> Sa voix n'était pas celle de d'habitude.
<0185> 悲しくて…。;;;<0185> Elle était triste...
<0186> どこまでも切なくて……。;;;<0186> Déchirante...
<0187> \{美凪}「ここで私が泣いたら、あの子はいつ泣いたらいいんですかっ」;;;<0187> Si je pleure maintenant, quand est-ce qu'\belle\u pourra pleurer ?!
<0188> \{美凪}「あの子は産声さえあげることができなかったんですよっ」;;;<0188> \bElle\u n'a même pas pu pousser ses premiers pleurs !
<0189> \{美凪}「泣きたいと感じることさえできなかったんですよっ」;;;<0189> Elle n'a même pas pu ressentir ce que ça fait de vouloir pleurer !
<0190> \{\m{A}}「遠野…」;;;<0190> Tohno...
<0191> \{美凪}「なのに、いつも笑ってくれて…」;;;<0191> Et pourtant... Elle a toujours un sourire sur le visage...
<0192> \{美凪}「私の側にいつもいてくれて…」;;;<0192> Elle est toujours à mes côtés...
<0193> \{美凪}「いっそ憎んでくれたら、もうあんな夢を見なくてすむのにっ」;;;<0193> Si seulement elle me haïssait, je n'aurais pas à faire ce rêve !
<0194> ………。;;;<0194> ..........
<0195> ……。;;;<0195> .......
<0196> …。;;;<0196> ....
<0197> それが、遠野の心の色だったと知るまで、どれほどの悲しみを彼女は背負ってきたのだろう。;;;<0197> Quel chagrin son cœur renfermait-il encore ?
<0198> あるはずのない温もりに身を寄せることしかできなくて…。;;;<0198> N'ayant d'autre choix que se blottir contre une chaleur qui ne devrait pas être...
<0199> あるはずだった幸せな夢の中にしか居場所を保てなくて…。;;;<0199> Trouvant seulement sa place dans le rêve heureux qui aurait dû être...
<0200> でも、夢はいつか終わりの時を迎える。;;;<0200> Mais un jour viendra où son rêve touchera à sa fin.
<0201> いつかは覚めるものだから、夢は夢のままでいられる。;;;<0201> Un rêve ne peut en être un qu'à condition d'être tôt ou tard interrompu par le réveil.
<0202> だから、俺は彼女の震える華奢な体を抱きしめた。;;;<0202> C'est pourquoi je serrai dans mes bras son corps frêle et tremblant.
<0203> 今、してやれることはそれだけだったから。;;;<0203> Actuellement, c'était tout ce que je pouvais faire pour elle.
<0204> それ以上、言葉は意味を持つことがないと、知っていたから。;;;<0204> Je savais que les mots n'avaient plus aucun sens.
<0205> だから…。;;;<0205> C'est pourquoi...
<0206> 俺は音のない場所で、高い星空の下で、遠野美凪を強く抱きしめた。;;;<0206> En ce lieu élevé, dépourvu de bruit sous le ciel étoilé, je serrai Tohno Minagi de toutes mes forces.
<0207> \{美凪}「…いつも…同じ夢を見るんです…」;;;<0207> ... Je fais... toujours le même rêve.
<0208> もたれかかるように、彼女は呟きをもらした。;;;<0208> Comme pour s'appuyer sur moi, elle murmura :
<0209> \{美凪}「…すぐ側にあるはずの笑顔に手を伸ばしても…決して触れることができない…」;;;<0209> ... Je tendais le bras vers des sourires et... même s'ils étaient juste à côté de moi, je ne touchais rien.
<0210> \{美凪}「…何度も何度も手を伸ばしてみるけれど…そこに温もりはなくて…」;;;<0210> ... Je tendais encore et encore le bras... mais ne sentais aucune chaleur.
<0211> \{美凪}「…泣いても叫んでも…指先には冷たい空気が触れるばかりで…」;;;<0211> ... Je pleurais, je criais... mais mes doigts ne touchaient rien d'autre que l'air glacial.
<0212> \{美凪}「…それでも…笑ってくれてるんです…」;;;<0212> ... Et malgré tout... Elle continuait à sourire...
<0213> \{美凪}「…頭を撫でてあげたいのに…私も同じように笑いかけてあげたいのに…」;;;<0213> ... Je veux lui caresser la tête... Je veux lui renvoyer son sourire...
<0214> \{美凪}「…でも…そこにいないから…触れられないんです…」;;;<0214> ... Sauf... qu'elle n'est pas là... Je ne peux pas la toucher...
<0215> …胸の中。;;;<0215> ... Blottie contre ma poitrine.
<0216> 雨に濡れた俺の服を握る遠野の手に、力がこもる。;;;<0216> Tohno s'accrochait à mes vêtements trempés par la pluie.
<0217> 背中に回した腕に、彼女の震えが伝わってくる。;;;<0217> Je pouvais la sentir trembler dans ses bras qui entouraient mon dos.
<0218> \{\m{A}}「………」;;;<0218> .........
<0219> \{\m{A}}「…とお……」;;;<0219> ... Toh...
<0220> \{美凪}「………」;;;<0220> .........
<0221> \{\m{A}}「………」;;;<0221> .........
<0222> …いや、違う。;;;<0222> ... Nan, pas ça.
<0223> \{\m{A}}「美凪…」;;;<0223> Minagi...
<0224> その、美しい名前を呼ぶ。;;;<0224> Je prononçai son magnifique prénom.
<0225> \{美凪}「………」;;;<0225> .........
<0226> \{美凪}「…はい」;;;<0226> ... Oui.
<0227> 俺の胸で、小さな返事が聞こえる。;;;<0227> Une petite réponse émana de ma poitrine.
<0228> \{\m{A}}「………」;;;<0228> .........
<0229> \{\m{A}}「…寂しかったか」;;;<0229> ... Tu te sentais seule ?
<0230> そう訊ねた。;;;<0230> lui demandai-je.
<0231> それだけを訊ねた。;;;<0231> Ça, et rien d'autre.
<0232> \{美凪}「…はい…」;;;<0232> ... Oui...
<0233> \{\m{A}}「…そっか」;;;<0233> ... Je vois.
<0234> 遠野の抱きしめる腕に、力を込める。;;;<0234> Je la serrai encore plus fort.
<0235> 濡れた髪に手を触れて、確かめてみる。;;;<0235> Comme pour m'assurer qu'elle était encore là, je passai une main dans ses cheveux mouillés.
<0236> この手放したくない温もりが、俺に言わせる。;;;<0236> C'était cette chaleur que je craignais de lâcher qui me poussait à parler.
<0237> \{\m{A}}「…なら…あいつを夢から覚まさせてやらないとな」;;;<0237> ... Dans ce cas... il faut qu'on \bla\u réveille de son rêve.
<0238> 夢の終わりが、いつも優しい日だまりの中にあるように…。;;;<0238> Afin que la fin de son rêve soit comme un rayon de soleil éternellement doux...
<0239> いつまでも、いつまでも温もりと共にあるように…。;;;<0239> Toujours, toujours chaud...
<0240> ………。;;;<0240> ..........
<0241> 風が、遠い海の上を流れていた。;;;<0241> Au loin, le vent soufflait à la surface de la mer.
<0242> ようやく辿り着いた、故郷の上を流れていた。;;;<0242> Avant d'arriver à sa ville natale.
<0243> \{\m{A}}「いつまでも夢の中にいたんじゃ、嬉しいときにも泣けないから…」;;;<0243> Si elle reste à jamais dans son rêve, elle ne pourra même pas pleurer dans les moments heureux...
<0244> そう…。;;;<0244> Oui...
<0245> 夢の向こうに、大切なものをおいてきたから…。;;;<0245> Parce qu'elle avait laissé quelque chose de précieux au bout de son rêve.
<0246> 忘れてきたのではなく、置いてきただけだから…。;;;<0246> Pas parce qu'elle l'avait égaré. Elle l'avait simplement laissé là...
<0247> \{美凪}「…もう…いいんですか…」;;;<0247> ... Je... peux...?
<0248> ここにあるために、彼女が言う。;;;<0248> C'est parce qu'elle était là qu'elle pouvait me demander ça.
<0249> \{\m{A}}「…ああ。もういいんだ」;;;<0249> ... Ouais. Tu peux.
<0250> だから、俺は彼女にそう言う。;;;<0250> Alors je lui répondis.
<0251> 少女の目覚めが、いつだって安らかなものであってほしいから。;;;<0251> Je voulais que son réveil soit paisible de bout en bout.
<0252> \{\m{A}}「…なあ、美凪」;;;<0252> Hé, Minagi.
<0253> \{美凪}「………」;;;<0253> .........
<0254> \{美凪}「…はい」;;;<0254> ... Oui ?
<0255> \{\m{A}}「おまえは、なにをしてやりたい？」;;;<0255> Qu'est-ce que tu veux faire ?
<0256> \{美凪}「え…」;;;<0256> Eh...?
<0257> \{\m{A}}「おまえは、大切なひとに、なにをしてやりたい？」;;;<0257> Qu'est-ce que tu veux faire pour celle qui compte autant pour toi ?
<0258> \{美凪}「………」;;;<0258> .........
<0259> \{美凪}「…私が……？」;;;<0259> ... Ce que \bje\u...... ?
<0260> \{\m{A}}「そうだ。おまえ自身が、なにをしてやりたい？」;;;<0260> Exactement. Qu'est-ce que \btoi\u, tu veux faire ?
<0261> \{美凪}「………」;;;<0261> .........
<0262> \{美凪}「…私……」;;;<0262> ... Je......
<0263> \{\m{A}}「………」;;;<0263> .........
<0264> \{美凪}「私は…」;;;<0264> Je...
<0265> ………。;;;<0265> .........
<0266> 夢の終わり…。;;;<0266> La fin du rêve...
<0267> 覚めることなど、永遠にないとさえ思われた、遥かな夢の終わり。;;;<0267> La fin d'un vieux rêve dont on n'imaginait même pas qu'il finirait un jour.
<0268> 目を、開けてごらん…。;;;<0268> Allez, ouvre les yeux...
<0269> そこになにが見える？;;;<0269> Que vois-tu ?
<0270> そこに誰が見える？;;;<0270> Qui vois-tu ?
<0271> 笑ってるかい？;;;<0271> Elle sourit ?
<0272> 笑ってるだろ？;;;<0272> Elle sourit, n'est-ce pas ?
<0273> それが、大好きだった笑顔…。;;;<0273> C'est ce sourire que tu aimais tant...
<0274> ………。;;;<0274> ..........
<0275> ……。;;;<0275> .......
<0276> …。;;;<0276> ....
<0277> あたたかな、日だまりのような家だった。;;;<0277> C'était une maison chaleureuse, comme un coin ensoleillé.
<0278> 美しい笑顔を絶やすことのない母。;;;<0278> Une mère, un visage radieux sur le visage.
<0279> すべてを包み込む、強さと優しさを持った父。;;;<0279> Un père, veillait sur tout avec force et tendresse.
<0280> 私は、この家が好きだった。;;;<0280> J'adorais cette famille.
<0281> この家に生まれ、この両親とともに暮らせることが、とても幸せだった。;;;<0281> J'étais si heureuse d'avoir pu naître dans cette maison, avec ces parents.
<0282> 白い壁にかかった、背に羽を持つ不思議な少女の絵。;;;<0282> Sur le mur blanc se trouvait un mystérieux tableau représentant une jeune fille avec des ailes dans son dos.
<0283> これが、私にとって最初の記憶だった。;;;<0283> C'était là mon souvenir le plus lointain.
<0284> まだ歩くことも喋ることもできない頃から、その絵はずっと同じ場所に掛けられてあった。;;;<0284> Avant même que je ne pusse marcher ou parler, ce tableau se trouvait déjà là.
<0285> 「ねえねえ、お母さん」;;;<0285> Dis, dis, maman.
<0286> 「どうして、この子にはお羽があるの？どうしてみなぎにはお羽がないの？」;;;<0286> Pourquoi est-ce que cette fille, elle a des ailes ? Et pourquoi moi, j'en ai pas ?
<0287> 私は、何度も何度も同じ疑問を母にぶつけて、母を困らせてばかりいた。;;;<0287> J'harcelais encore et encore ma mère avec ces questions.
<0288> 「さあ…どうしてかな」;;;<0288> Qui sait... Bonne question.
<0289> 「美凪も、いつかはお空を飛べるといいわねぇ」;;;<0289> Ce serait bien que tu puisses voler à ton tour, Minagi.
<0290> 母の答えは、決まってこうだった。;;;<0290> Sa réponse était toujours la même.
<0291> 何も解答は得られない。;;;<0291> Impossible d'obtenir une vraie réponse.
<0292> でも、そう言った後に母が見せる小さな笑顔。;;;<0292> Mais elle me répondait toujours avec un petit sourire.
<0293> それが、すべての答えだった。;;;<0293> C'était tout ce que je désirais comme réponse.
<0294> 本気で羽がほしいと思ったことなんてない。;;;<0294> En vérité, je n'avais jamais vraiment souhaité avoir des ailes.
<0295> もし私に羽があって、自由に空を飛べたとしても、;;;<0295> Même si j'en avais reçues et que j'avais pu voler dans les airs à ma guise...
<0296> 私は、すぐに飛ぶことをやめて、この家に戻ってきただろう。;;;<0296> J'aurais immédiatement arrêt de voler pour regagner ma maison.
<0297> 大好きな両親がいる、この家に…。;;;<0297> Cette maison dans laquelle vivaient les parents que j'aimais tant...
<0298> 羽を持つ少女の絵は、私が生まれたときに父が買ってきてくれたものだった。;;;<0298> Le tableau représentant une jeune fille ailée était un cadeau que mon père m'avait offert à ma naissance.
<0299> 父は町の駅長を務める傍ら、天体観測を趣味に持つ、優しくて、とても夢見がちな人だった。;;;<0299> Mon père était le chef de gare du village, un idéaliste féru d'observation astronomique.
<0300> 一番覚えているのは、夏の夕暮れ。;;;<0300> Je me rappelle plus vivement que tout ces soirs d'été.
<0301> 父に肩車をしてもらいながら聞いたヒグラシの声だ。;;;<0301> Perchée sur ses épaules, j'écoutais les cigales chanter.
<0302> その声を聞きながら、私は父と一緒に空を見上げながら歩くのが好きだった。;;;<0302> J'aimais fort accompagner mon père sur la route de la maison, tout en les écoutant chanter et en regardant le ciel.
<0303> 父の肩にゆられながら見る遠い星の輝きは、どんな宝石よりも綺麗だった。;;;<0303> Ballotée par ses épaules, les étoiles lointaines me paraissaient scintiller d'une manière plus magnifique que toutes les pierres précieuses.
<0304> それは、どんな温かい布団の中で見る夢よりもステキな光景だった。;;;<0304> C'était un spectacle plus merveilleux que n'importe quel rêve vu dans un futon douillet.
<0305> 私は父の肩の上で、あの絵の中の少女のように星粒の隙間を自由に飛び回った。;;;<0305> Perchée sur ses épaules, je pouvais voler entre les étoiles aussi librement que la fille dans le tableau.
<0306> 羽なんて持たなくても、私はいつだって空を飛ぶことができた。;;;<0306> Même sans ailes, j'arpentais le ciel comme il me plaisait.
<0307> 「おとうさん、いちばんぼしだよ、いちばんぼし」;;;<0307> Papa, c'est l'étoile du berger, l'étoile du berger !
<0308> それを、どちらが早く見つけるかを競争していた。;;;<0308> C'était à celui qui la verrait en premier.
<0309> 結果は、いつも私の勝ちだった。;;;<0309> Enfin, je gagnais à chaque fois.
<0310> 「すごいな、美凪は。少しはお父さんにも勝たせてくれないか」;;;<0310> Impressionnant, Minagi. Tu veux pas me laisser gagner, juste une fois ?
<0311> 「だめ。きょうそうだもん」;;;<0311> Non. C'est une compétition.
<0312> 「ううむ。美凪はお母さんより厳しいなぁ」;;;<0312> Hmm... Tu es encore plus stricte que ta mère, tu sais ?
<0313> だけど、私は知っていた。;;;<0313> Mais bon, je le savais bien :
<0314> お父さんが、いつもわざと負けてくれていることを。;;;<0314> Mon père faisait exprès de perdre à chaque fois.
<0315> だけど、それを言葉に出したりはしなかった。;;;<0315> Sauf que je le gardais pour moi.
<0316> 私と父は、そうして二人同じ星を眺めるのが好きだったのだ。;;;<0316> Mon père et moi adorions contempler ainsi les étoiles.
<0317> 「ねえねえ、おかあさん」;;;<0317> Dis, dis, maman.
<0318> 「ほんとにだいじょうぶ？いたくない？」;;;<0318> Tu es sûre que ça va bien ? Tu n'as pas mal ?
<0319> ある春の日。;;;<0319> Un jour de printemps.
<0320> 母の大きくなったお腹に触れながら、私は心配げな眼差しで母の顔を覗き込んでいた。;;;<0320> Tout en touchant le ventre enflé de ma mère, je regardais son visage d'un air inquiet.
<0321> 「大丈夫よ。どうしたの、そんな心配そうな顔をして」;;;<0321> Je vais bien. Pourquoi tu fais une tête aussi inquiète ?
<0322> 母は、そんな私の頭をいつだって優しく撫でてくれた。;;;<0322> Ma mère me caressa gentiment la tête.
<0323> 「だって…」;;;<0323> Mais...
<0324> 「ふふ…このお腹はね、別に病気になったわけじゃないのよ」;;;<0324> Fufu... Mon ventre n'est pas comme ça à cause d'une maladie.
<0325> 「神様に、少しだけ幸せをわけてもらったから大きくなったの」;;;<0325> Il a grossi parce que les dieux m'ont partagé une petite part de leur bonheur.
<0326> 「しあわせ？なにそれ？」;;;<0326> Leur 'bonheur' ? C'est quoi ?
<0327> 「お母さんやお父さん、そして美凪にとってもすごく嬉しいことよ」;;;<0327> C'est quelque chose qui nous offrira beaucoup de plaisir, à papa et moi, et à toi aussi.
<0328> 「？？」;;;<0328> ??
<0329> 「あら…ちょっと難しかったかしら」;;;<0329> Oh... C'est un peu dur à comprendre, dit comme ça.
<0330> 「…えっとねぇ…うん…よくわかんない」;;;<0330> ... Euh... En fait... J'y comprends pas grand-chose.
<0331> 「そっか…わかんないか」;;;<0331> Je vois... Tu ne comprends pas ?
<0332> 「じゃあねぇ…これならどう？」;;;<0332> Bon, ben... Et comme ça ?
<0333> 母は、壁に掛けてあったあの絵を手に取り、私の前に据えた。;;;<0333> Ma mère alla prendre le tableau accroché au mur pour le placer devant moi.
<0334> 「神様が、ひとつだけお願いごとを叶えてくれるとしたら、美凪は何をお願いするかしら」;;;<0334> Si les dieux t'accordaient un souhait, et un seul, lequel ferais-tu ?
<0335> 「おねがいごと？」;;;<0335> Un souhait ?
<0336> 「そう。ひとつだけね」;;;<0336> Oui. Juste un.
<0337> 「…ひとつだけかぁ…なにがいいかなぁ…」;;;<0337> ... Un seul... Bonne question...
<0338> 「お人形さんもほしいし…お洋服もほしいなぁ…」;;;<0338> Je veux une poupée... Mais je veux aussi des habits...
<0339> 私の頭の中は、様々なお願いごとですぐに一杯になった。;;;<0339> Mon esprit s'était rempli de toutes sortes d'objets que je désirais.
<0340> でも、その中でも一際まぶしい輝きを放つお願いごとがあった。;;;<0340> Seulement, l'un d'entre eux brillait plus que tous les autres.
<0341> 「…あ、そうだ」;;;<0341> ... Ah, je sais.
<0342> 「決まった？」;;;<0342> Tu as choisi ?
<0343> 「うんっ。えへへ…」;;;<0343> Oui ! Hihihi...
<0344> 「あのねぇ…みなぎ、妹がほしい」;;;<0344> En fait.... Je veux une petite sœur.
<0345> 私は、少し照れながら言った。;;;<0345> lui avais-je dit d'un ton un peu timide.
<0346> 「ふふ…そう？」;;;<0346> Fufu... Ah bon ?
<0347> 「あのね、いっしょにね、おままごととかシャボン玉遊びとかしてあそびたいの」;;;<0347> Tu vois, je veux jouer à la dinette et faire des bulles avec elles.
<0348> それまで、私にはそんなことのできるお友達はいなかった。;;;<0348> Jusqu'alors, je n'avais pas d'amis avec qui jouer ainsi.
<0349> 一人でいることが好きだったわけじゃない。;;;<0349> Non pas parce que j'aimais être seule.
<0350> 公園で遊ぶ子供たちの輪を遠くから眺めながら、いつだって『仲間にいれて』と声をかけてみたかった。;;;<0350> Quand je regardais, de loin, les groupes d'enfants qui jouaient dans le parc, j'avais toujours envie de leur dire 'Laissez-moi jouer avec vous'.
<0351> でも、できなくて…。;;;<0351> Mais je n'y arrivais pas.
<0352> たった一言を言い出す勇気がもてなくて…。;;;<0352> Je n'avais pas le courage de prononcer ces quelques mots.
<0353> だから、いつもおままごとやシャボン玉は一人でする遊びだった。;;;<0353> C'est pourquoi je jouais toujours seule à la dinette ou à faire des bulles.
<0354> いつも一人で、何人もの役をこなさなければならなかった。;;;<0354> Je devais à chaque fois jouer moi-même plusieurs rôles.
<0355> それを心から寂しいと感じはじめた頃の出来事。;;;<0355> À force, j'ai commencé à ressentir de la solitude.
<0356> 「じゃあね、お母さんのお腹に触ってみて」;;;<0356> Viens toucher un peu le ventre de maman.
<0357> 言って、母は私の手を持ち、その手を優しくお腹に当てた。;;;<0357> Ces mots prononcés, elle avait pris ma main pour la poser doucement sur son ventre.
<0358> 柔らかな鼓動と温もりが手のひらに伝わった。;;;<0358> J'ai alors senti une tendre pulsation et une douce chaleur contre ma paume.
<0359> 「さあ、目をつむって」;;;<0359> Ferme les yeux.
<0360> 「そしてね、神様にお願いするの。かわいい妹が生まれてきますようにって」;;;<0360> Maintenant, fais un vœu aux dieux. Demande-leur : 'Que je reçoive une petite sœur toute mignonne'.
<0361> 「？」;;;<0361> ?
<0362> 「ふふ…」;;;<0362> Fufu...
<0363> 母は優しく微笑むだけだった。;;;<0363> Ma mère avait simplement rigolé.
<0364> 私は意味を理解することができず、言われたままに目をつむった。;;;<0364> Sans comprendre ce qu'elle avait en tête, j'avais fermé les yeux, comme elle me l'avait demandé.
<0365> 「えっと…」;;;<0365> Euh...
<0366> 「みなぎは、いっしょにおままごとのできる妹がほしいです」;;;<0366> Je veux une petite sœur pour qu'elle puisse jouer à la dinette avec moi.
<0367> 私は願った。;;;<0367> Je fis un vœu.
<0368> 祈りには遠い、幼い子供のささやかな願い。;;;<0368> Rien à voir avec une prière, seulement le modeste souhait d'une toute petite enfant.
<0369> でも、とても真剣な願いを、神様に託した。;;;<0369> Néanmoins, cela restait un souhait très sincère que j'avais confié aux dieux.
<0370> 「これでいいの？」;;;<0370> C'est bon ?
<0371> 目を開けて、母の顔を見上げた。;;;<0371> J'avais rouvert les yeux puis les avais posés sur le visage de ma mère.
<0372> 母は、私の目を見つめ、微笑みながら頷いた。;;;<0372> Ma mère m'avait regardé dans les yeux, souri, puis avait acquiescé.
<0373> 「きっと、神様は美凪のお願いを叶えてくれるわ」;;;<0373> Je suis sûre que les dieux vont exaucer ton souhait.
<0374> 今にして思えば、母はその時すでに、お腹に宿った子供が女の子だと知っていたのだと思う。;;;<0374> Maintenant que j'y repense, je crois que ma mère avait déjà appris à ce moment-là que l'enfant qu'elle portait était une fille.
<0375> 母が妊娠していると私が理解できたのは、それから少しの時が流れてからだった。;;;<0375> Encore un peu de temps s'était écoulé avant que je n'eusse compris qu'elle fût enceinte.
<0376> やがて、季節は早足で夏を迎えた。;;;<0376> L'été était arrivé à grands pas.
<0377> 毎朝庭の木立で鳴くセミの声に目を覚まし、窓から差し込む陽射しに目を細めていた。;;;<0377> Chaque matin, je me réveillais au chant des cigales venant des arbres du jardin puis plissais les yeux face au soleil dont la lumière pénétrait par la fenêtre.
<0378> そんな季節。;;;<0378> Telle était la saison.
<0379> 私は、朝起きると一番に母のお腹の中にいる妹に語りかけることを日課にしていた。;;;<0379> J'avais inscrit dans ma routine quotidienne le fait d'aller discuter avec la petite sœur dans le ventre de ma mère immédiatement après mon réveil.
<0380> たわいのない話だった。;;;<0380> Une discussion naïve.
<0381> 「今日はあついね」;;;<0381> Qu'est-ce qu'il fait chaud, aujourd'hui.
<0382> 「ずっとお腹の中にいて、くるしくない？」;;;<0382> C'est pas désagréable de toujours rester dans un ventre ?
<0383> 「きのうの晩ごはんは、はんばーぐだったんだよ」;;;<0383> Hier soir, on a mangé des steaks.
<0384> 「今日は、ずっといっしょにいてあげるね」;;;<0384> Aujourd'hui, je vais rester avec toi toute la journée.
<0385> 私は、妹が楽しんでくれるように、がんばって楽しい話を考えた。;;;<0385> Je faisais de mon mieux pour trouver des sujets de conversation qui al divertiraient.
<0386> でも、幼い子供が思いつく話なんて、今にして思えば大したことはない。;;;<0386> Enfin, aussi jeune que j'étais, bien peu d'idées me venaient en tête.
<0387> もしかしたら、妹は話を聞きながらうんざりしていたかもしれない。;;;<0387> Je me demandais si elle n'avait pas marre de m'entendre parler.
<0388> でも、私は話し続けた。;;;<0388> Mais je continuais à lui parler.
<0389> たまに妹が母のお腹を蹴ると、楽しんでくれているのだと思い、私は嬉しくなった。;;;<0389> Ma petite sœur donnait des coups de pied dans le ventre de ma mère. Je pensais alors qu'elle s'amusait et cela me faisait plaisir.
<0390> ずっと、ずっと、こうして話をしていたかった。;;;<0390> Je voulais continuer à lui parler ainsi, encore, et encore.
<0391> そして、早く生まれてきてほしかった。;;;<0391> Et qu'elle naquît le plus vite possible.
<0392> そうすれば、話をするだけじゃなくて、一緒に遊ぶこともできるから…。;;;<0392> Une fois née, nous pourrions faire autre chose que parler, nous pourrions jouer ensemble...
<0393> でも…。;;;<0393> Seulement...
<0394> その願いは、結局叶えられなかった。;;;<0394> En fin de compte, mon vœu n'a jamais été exaucé.
<0395> あれは、その夏で一番暑い日だった。;;;<0395> C'est arrivé le jour le plus chaud de l'été.
<0396> 朝。;;;<0396> Le matin.
<0397> 私は、いつものように妹と話をするため、家の中を歩き、母の姿を探した。;;;<0397> Comme à mon habitude, je gambadais dans al maison à la recherche de ma mère, pour pouvoir parler à ma petite sœur.
<0398> 母は、台所にいた。;;;<0398> Elle était dans la cuisine.
<0399> 朝食のおみそ汁の匂い。;;;<0399> J'ai senti l'odeur de la soupe miso du petit-déjeuner.
<0400> 私の大好きな匂いだった。;;;<0400> C'était mon odeur préférée.
<0401> 母は、その中で倒れていた。;;;<0401> Ma mère était effondrée au beau milieu de la cuisine.
<0402> 冷たい床に横たわり、苦しそうな顔でうなっていた。;;;<0402> Elle était étendue sur le sol glacial, gémissant, le visage crispé par la douleur.
<0403> 私は、どうしていいのかわからず、その場に立ち尽くすことしかできなかった。;;;<0403> Sans la moindre idée de ce que j'aurais dû faire, j'étais restée plantée là, immobile.
<0404> そんな私の姿を見つけた母は、私が心配しないようにと、蒼い顔をしながらも、小さく微笑んでくれた。;;;<0404> Pour éviter que je ne m'inquiétasse, ma mère avait dessiné un petit sourire sur son visage pâle.
<0405> 「…だいじょうぶ…だいじょうぶだからね…」;;;<0405> ... Tout va bien... Ça va aller...
<0406> そのときの母の声が、今も耳に残って離れない。;;;<0406> Je me rappelle encore sa voix.
<0407> その後、どうなったのかは覚えていない。;;;<0407> Je ne me souviens pas de ce qui s'est passé après ça.
<0408> 気がつけば、私は父と一緒に病院の暗い廊下におかれたソファーに二人で座っていた。;;;<0408> Je me rappelle avoir été assise avec mon père sur un canapé dans un couloir sombre d'un hôpital.
<0409> 父は何も言わず、うなだれ続けていた。;;;<0409> Mon père était resté mué, la tête baissée.
<0410> そんな父の様子が心配になって、私は父の半袖シャツの裾をくいっと引っ張った。;;;<0410> Préoccupée par son comportement, j'avais tiré légèrement sur le bas de sa chemise à manches courtes.
<0411> 「………」;;;<0411> .........
<0412> だけど、父は何も言わなかった。;;;<0412> Sauf qu'il n'avait pas répondu.
<0413> ただ、少しだけ私に顔を向けて、薄く微笑むだけだった。;;;<0413> Il s'était contenté de se tourner vers moi et de m'adresser un maigre sourire.
<0414> 悲しかった。;;;<0414> Un sourire bien triste.
<0415> どうしてだか、よくはわからなかったけれど、父のそんな顔を見るのは初めてだったから、とても悲しかった。;;;<0415> Je ne savais pas trop pourquoi, mais ç'avait été la première fois que je voyais mon père avec un tel visage, et cela m'avait rendu très triste.
<0416> しばらくして、母が入っている救急処置室の扉が開いた。;;;<0416> Au bout d'un moment, la porte de la salle des urgences où se trouvait ma mère s'est ouverte.
<0417> 中から出てきたのは、顔に大きな青いマスクをつけたお医者さんだった。;;;<0417> Un docteur en est sorti, le visage recouvert d'un grand masque bleu.
<0418> 父が立ち上がると、そのお医者さんは大きなマスクをとった。;;;<0418> Mon père s'est levé et le docteur a retiré son grand masque.
<0419> 想像よりも若い、お兄さんだった。;;;<0419> L'homme était plus jeune que je l'avais imaginé.
<0420> お兄さんは、父と二言三言話をした後、ゆっくりと首を横に振った。;;;<0420> Après avoir échangé deux, trois mots avec mon père, il a lentement secoué la tête.
<0421> 「現在、母子ともに非常に危険な状態にあります」;;;<0421> La mère et l'enfant se trouvent actuellement dans un état critique.
<0422> 難しくて、そのお兄さんが何を言っているのか、理解できなかった。;;;<0422> Ce qu'il a dit était trop compliqué pour que je le comprenne.
<0423> 後になって知ったことだが、母はその時、重度の妊娠中毒にかかっていた。;;;<0423> Je n'ai appris que plus tard que ma mère souffrait de prééclampsie.
<0424> 私は、父の顔を見て、母が危ないことだけを悟ることができた。;;;<0424> Tout ce que j'ai compris en voyant l'expression sur le visage de mon père, c'était que ma mère était en danger.
<0425> きっと、お腹の中の妹が、おいたをしているのだと思った。;;;<0425> Je me suis dit que c'était ma petite sœur qui faisait des bêtises dans le ventre de la mère.
<0426> 「おかあさん…だいじょうぶっていったもん…」;;;<0426> Mais... maman a dit qu'elle allait bien...
<0427> 私は、夜になって病院に駆け込んできた親戚のおばさんに連れられて家に帰った。;;;<0427> La nuit tombée, une parente est arrivée en trombe à l'hôpital pour me ramener à la maison.
<0428> 父は、病院に残った。;;;<0428> Mon père, lui, est resté à l'hôpital.
<0429> その夜。私は、おばさんの目を盗んで家を抜け出し、駅まで走った。;;;<0429> Cette nuit-là, j'ai échappé à la surveillance de ma tante pour me sauver de la maison, et j'ai couru jusqu'à la gare.
<0430> 私の知る限り、そこがもっとも星のよく見える場所だった。;;;<0430> À ma connaissance, c'était là que l'on pouvait voir le plus d'étoiles.
<0431> 私は、神様に願った。;;;<0431> Là, j'ai fait un vœu aux dieux.
<0432> おかあさんが、早くよくなりますように。;;;<0432> 'Que ma mère aille mieux.'
<0433> おかあさんが、どこにもいきませんように。;;;<0433> 'Que ma mère ne parte pas'.
<0434> もし、妹が母を苦しませているのなら、私は姉として妹を叱らなければならない。;;;<0434> Si jamais ma petite sœur faisait du mal à ma mère, alors je jouerais mon rôle de grande sœur et la gronderais.
<0435> 妹が、母をどこにも連れていかないよう、私は神様に願った。;;;<0435> J'ai fait un vœu aux dieux pour que ma petite sœur n'emporte pas ma mère.
<0436> もしかしたら、それは嫉妬や憎しみに近い感情からの祈りだったかもしれない。;;;<0436> Peut-être bien que c'était un sentiment proche de la jalousie ou de la haine qui a engendré cette prière.
<0437> 私は、ほんの一時でも、妹を憎んでしまったのかもしれない…。;;;<0437> Peut-être bien qu'un instant durant, j'ai vraiment détesté ma petite sœur.
<0438> 翌日になって、私は再びおばさんとともに病院へ向かった。;;;<0438> Le lendemain, cette parente m'a ramenée à l'hôpital.
<0439> 母は、違う部屋に移されていた。;;;<0439> Ma mère avait été déplacée dans une autre salle.
<0440> 病室にはいると、酸素呼吸器をつけた母が、ベットの上で眠っていた。;;;<0440> En entrant dans la chambre, je l'ai vue allongée sur un lit, en train de dormir, un respirateur artificiel sur le visage.
<0441> …良かった。母は無事だったのだ。;;;<0441> ... Ouf. Maman est saine et sauve.
<0442> 私の願いを、神様が叶えてくれたのだ。;;;<0442> Les dieux avaient exaucé mon souhait.
<0443> 私は安心して、ベットの隣に座る父の背中に抱きついた。;;;<0443> Soulagée, j'ai serré le dos de mon père, assis à côté du lit, pour lui faire un câlin.
<0444> 母が無事だったことを、父と一緒に喜びたかった。;;;<0444> Je voulais me réjouir avec mon père du fait que ma mère était saine et sauve.
<0445> でも、父は喜ぶ私を見ても、昨日と同じ顔で微笑むだけだった。;;;<0445> Seulement, en réponse à ma mine réjouie, mon père ne m'afficha que le même sourire que la veille.
<0446> 「どうしたの、おとうさん」;;;<0446> Qu'est-ce qu'il y a, papa ?
<0447> 背中にぶら下がりながら訊いても、父は何も言わなかった。;;;<0447> J'avais beau lui poser des questions, collée à son dos, mais il ne répondait rien.
<0448> 「みなぎね、きのう神様におねがいしたの」;;;<0448> Eh ben, en fait, hier, j'ai fait un vœu aux dieux.
<0449> 「おかあさんが、はやくよくなりますようにって」;;;<0449> Je leur ai demandé : 'que ma mère aille mieux'.
<0450> 「きっと、神様がみなぎのおねがいをかなえてくれたんだよ」;;;<0450> On dirait que les dieux ont exaucé mon souhait.
<0451> 私は父の喜ぶ顔を見たくて、『良い子だな、美凪は』と頭を撫でてもらいたくて、そうまくしたてた。;;;<0451> Je voulais tellement voir la joie sur le visage de mon père, l'entendre dire : 'tu es une bonne fille, Minagi', et me faire caresser la tête, que je n'arrêtais pas de parler.
<0452> でも、父は何も言ってくれなくて、頭も撫でてくれなくて、ただ悲しい目を私に向けた。;;;<0452> Mais il ne m'a rien dit, et ne m'a pas non plus caressé la tête. Il m'a simplement regardé avec des yeux tristes.
<0453> どうして、そんな顔をするのだろう。;;;<0453> Pourquoi fait-il une tête pareille ?
<0454> どうして、褒めてはもらえないのだろう。;;;<0454> Pourquoi n'est-il pas en train de me faire des compliments ?
<0455> 私は、良いことをしたはずなのに…。;;;<0455> J'ai fait ce qu'il fallait faire, pourtant...
<0456> それからしばらくして、母は家に帰ってきた。;;;<0456> Ma mère est rentrée à la maison peu après.
<0457> 嬉しかった。;;;<0457> J'étais si heureuse.
<0458> また家族一緒に、楽しくて美味しいご飯を食べられる。;;;<0458> On pourrait enfin recommencer à prendre de délicieux repas en famille.
<0459> これで妹が生まれてくれば、もっと楽しい毎日になるだろう。;;;<0459> Si ma petite sœur venait au monde, chaque jour serait encore plus joyeux.
<0460> その日が楽しみだった。;;;<0460> J'attendais donc ce jour avec impatience.
<0461> だけど、いつまでたっても妹は生まれてこなかった。;;;<0461> Seulement, peu importe à quel point j'attendais, ma petite sœur n'est jamais venue au monde.
<0462> 病院から帰ってきたとき、母のお腹はもう小さくなってしまっていたからだ。;;;<0462> Quand ma mère est rentrée de l'hôpital, son ventre avait déjà rétréci.
<0463> 幼いながらも、それが何を意味しているのか、私にはわかった。;;;<0463> J'avais beau être toute petite, j'ai compris ce que cela voulait dire :
<0464> 妹は、どこかへ行ってしまったのだ。;;;<0464> Ma petite sœur s'en était allée quelque part.
<0465> 悲しかった。;;;<0465> J'étais triste.
<0466> もしかしたら、私が神様にお願いごとをしたから、そのせいで妹がいなくなってしまったのかと思った。;;;<0466> J'ai pensé que, peut-être, le vœu que j'avais fait aux dieux était responsable de sa disparition.
<0467> とても悲しかった。;;;<0467> J'étais très triste.
<0468> この悲しみは、憎しみを抱いてしまった私に対する神様の罰だったのかもしれない。;;;<0468> Peut-être que cette tristesse était un châtiment divin pour me punir d'avoir autant de haine dans mon cœur.
<0469> でも、それ以上に悲しいこともあった。;;;<0469> Mais quelque chose était encore plus triste :
<0470> 母が、変わってしまったのだ。;;;<0470> Ma mère avait changé.
<0471> 「今日の晩ご飯は、みちるちゃんの好きなハンバーグよ」;;;<0471> Au dîner, on mangera les steaks que tu aimes tant, Michiru-chan.
<0472> 「この服、みちるちゃんによく似合うと思って買ってきたの」;;;<0472> J'ai pensé que ces vêtements t'iraient bien, Michiru-chan, alors je les ai achetés.
<0473> 「みちるちゃん、一緒にお風呂に入ろうか」;;;<0473> Michiru-chan, tu veux prendre ton bain avec moi ?
<0474> 母は、私のことを『みちる』と呼ぶようになっていた。;;;<0474> Ma mère s'était mise à m'appeler 'Michiru'.
<0475> 『みちる』とは、生まれてくる妹のために用意されていた名前だった。;;;<0475> Michiru était le nom que ma petite sœur aurait dû recevoir à sa naissance.
<0476> 「ちがうよ、おかあさん。みなぎはみなぎだよ」;;;<0476> Mais non, maman. Moi, c'est 'Minagi'.
<0477> 何度もそう言ってみたが、母が私を美凪と呼んでくれることはなかった。;;;<0477> Peu importe le nombre de fois que je le lui répétais, ma mère ne m'a plus jamais appelée 'Minagi'.
<0478> 妹は、どこかへ行ったわけじゃない。;;;<0478> Ma petite sœur n'était allée nulle part.
<0479> 妹はここにいる。;;;<0479> Elle était juste là.
<0480> 私が、みちるになってしまったのだ。;;;<0480> C'est moi qui étais devenue Michiru.
<0481> では、美凪はどこへ行ってしまったのだろう…。;;;<0481> Mais alors, où Minagi avait-elle pu bien passer...?
<0482> 父と母はよく喧嘩をするようになった。;;;<0482> Mes parents ont commencé à souvent se disputer.
<0483> とくに、真夜中。;;;<0483> Souvent au beau milieu de la nuit.
<0484> 私が眠った後に、よく台所から喧嘩をする声が聞こえた。;;;<0484> Je me couchais, puis j'entendais très bien des bruits de dispute venir de la cuisine.
<0485> 悲しかった。;;;<0485> C'était triste.
<0486> 仲の良かった両親が喧嘩をしていることが、何よりも悲しかった。;;;<0486> Rien n'était plus triste qu'entendre mes parents, qui s'étaient tant aimés, se disputer.
<0487> 私は、布団の中で息を殺しながら、窓から見える星の光を見ていた。;;;<0487> Je retenais mon souffle dans mon futon et regardais les étoiles briller à travers la fenêtre.
<0488> 怒ったらダメだよ、おとうさん…。;;;<0488> Ne t'énerve pas, papa...
<0489> 怒らないで、一緒に見にいこうよ…。;;;<0489> Ne t'énerve pas, et allons-y ensemble...
<0490> おとうさんの大好きなお星様を見にいこうよ…。;;;<0490> Allons voir les étoiles que tu adores tant, ensemble.
<0491> 今度は、お母さんと一緒におむかえにいくから。;;;<0491> Cette fois, je viendrai te chercher avec maman.
<0492> だから、三人で行こうよ…。;;;<0492> Et nous y irons tous les trois...
<0493> きれいなお星様をみたら、きっとけんかもしないですむから。;;;<0493> En voyant la beauté des étoiles, vous arrêterez de vous disputer.
<0494> 前みたいに、ずっと笑っていられるようになるから…。;;;<0494> Et nous recommencerons à rire comme avant...
<0495> …それから、しばらくして、父は家を出ていった。;;;<0495> ... Enfin, mon père quitta un peu plus tard la maison.
<0496> 私は、母と二人で家に残り、すっかり変わってしまった日常を送るようになった。;;;<0496> J'étais restée seule avec ma mère à vivre un quotidien qui avait changé du tout au tout.
<0497> 昔と同じままじゃあ辛いだろうからと、親戚の人たちが家を改築してくれた。;;;<0497> Puisqu'il aurait été douloureux de vivre dans le passé, des proches nous ont aidé à rénover la maison.
<0498> もう、父の面影はどこにも残ってはいなかった。;;;<0498> Il ne restait plus aucune trace de mon père.
<0499> どこへ行ったのかもわからない父。;;;<0499> Je n'avais pas la moindre d'idée d'où il était allé.
<0500> てもとに残ったのは、最後にくれた星の砂と、あの羽を持つ少女の絵だけだった。;;;<0500> Tout ce qu'il restait encore de son passage étaient le sable étoilé et ce tableau représentant une jeune fille avec des ailes.
<0501> 私は、それでも父の姿を探して、毎日のように父が働いていた駅へ行った。;;;<0501> Malgré tout, j'ai continué à aller presque tous jours à la gare où travaillait mon père.
<0502> 日が暮れて、夜空に満天のお星様が輝くまで、私は父を待ち続けた。;;;<0502> Je restais à l'attendre jusqu'au coucher du soleil, jusqu'à ce que le firmament fût rempli de l'éclat des étoiles.
<0503> 父の同僚だった駅員さんが、そんな私を心配して、なんとか父と連絡を取ろうとしてくれたが、無理だった。;;;<0503> Les employés de gare, collègues de mon père s'inquiétèrent pour moi et tentèrent de le contacter. Sans succès.
<0504> 「ごめんよ、美凪ちゃん」;;;<0504> Désolé, Minagi-chan.
<0505> 駅員さんは、謝ってくれた。;;;<0505> L'agent ferroviaire s'excusa.
<0506> 家に帰ると、私は『みちる』でいなければならなかった。;;;<0506> Quand je rentrais chez moi, je devais devenir 'Michiru'.
<0507> もう、この家に『美凪』はいないのだ。;;;<0507> Dans cette maison, il n'y avait plus de 'Minagi'.
<0508> でも、それでも良かった。;;;<0508> Mais bon, ça m'allait.
<0509> 父がいなくなって悲しむ母が、『みちる』と私を呼ぶときだけは微笑んでくれたので、それでも良かった。;;;<0509> Ma mère, qui était triste depuis le départ de mon père, me souriait seulement quand elle m'appelait 'Michiru', et ça m'allait.
<0510> 私は、母の笑顔を見るために、『みちる』であり続けようと思った。;;;<0510> Pour pouvoir voir le sourire de ma mère, j'ai décidé de continuer à être 'Michiru'.
<0511> でも…。;;;<0511> Seulement...
<0512> 気が付けば…、私は笑えなくなっていた。;;;<0512> J'ai fini par me rendre compte... que moi, je ne pouvais plus sourire.
<0513> そんな日々が過ぎた。;;;<0513> Des jours passèrent ainsi.
<0514> 私は、いつの間にか小学生になっていた。;;;<0514> Un peu plus tard, j'entrais à l'école primaire.
<0515> でも、相変わらずお友達はできなくて、ずっと一人。;;;<0515> Mais bon, comme toujours, je n'avais pas d'amis et j'étais seule en permanence.
<0516> もう父には会えないのだとわかっていながらも、私は毎日駅前で時を過ごした。;;;<0516> J'avais beau savoir que je ne reverrais plus jamais mon père, je continuais de passer tous les jours un peu de temps à la gare.
<0517> もう、おままごとはしない。;;;<0517> J'ai bientôt arrêté de jouer à la dinette.
<0518> 小学生になったんだし、それに、温かかった昔を思い出すだけだから。;;;<0518> J'étais en primaire. Et puis, y jouer me rappelait trop les jours heureux qui appartenaient maintenant au passé.
<0519> 私は、一人でずっとシャボン玉を飛ばして遊んだ。;;;<0519> Je me suis mise à faire des bulles de savon, toute seule.
<0520> ずっと一人で飛ばしていたおかげで、腕前はかなり上達した。;;;<0520> À force de pratiquer seule, je suis devenue plutôt douée.
<0521> 嬉しかった。;;;<0521> J'étais contente.
<0522> いろいろな大きさのシャボン玉を空に向けて飛ばすことは、とても楽しかった。;;;<0522> C'était très amusant de faire voler des bulles de savon de différentes tailles dans le ciel.
<0523> でも、やはり誰かと一緒に飛ばしてみたい…。;;;<0523> Cependant, je voulais pouvoir en faire avec quelqu'un d'autre...
<0524> そんなある日のことだ。;;;<0524> Un tel jour est arrivé.
<0525> 私がいつものように駅前へ向かうと、いつも私が座るベンチの上に、一人の女の子が座っていた。;;;<0525> En arrivant à la gare comme à mon habitude, j'ai trouvé une petite fille assise sur le banc sur lequel je m'asseyais à chaque fois.
<0526> どうやら私よりも年下で、とてもかわいい女の子だった。;;;<0526> C'était une fille très mignonne, visiblement plus jeune que moi.
<0527> 誰かを待っているのだろうか。;;;<0527> Qui peut-elle bien attendre comme ça ?
<0528> 近づくことなく見ていると、ずっと長い間一人きり。;;;<0528> J'ai passé un long moment à la fixer, sans m'approcher d'elle.
<0529> 誰かを待っている様子もなかった。;;;<0529> Elle n'avait pas l'air d'attendre qui que ce fût.
<0530> だから、私は意を決して少女に近づき、その隣に座った。;;;<0530> Alors j'ai fini par prendre mon courage à deux mains et m'en approcher, puis je me suis assise à côté d'elle.
<0531> 少女は私の登場に少し驚いた様子を見せ、隣に座った私をちらちらと横目で伺っていた。;;;<0531> Assez surprise par mon apparition, elle n'arrêta pas de me dévisager du coin de l'œil après que je me suis assis.
<0532> でも、私は何も言い出すことができなかった。;;;<0532> Mais je ne savais pas quoi dire.
<0533> 勇気を振り絞って、隣に座ったまではいいが、こういう場合なんと声をかければいいのか、私は知らなかった。;;;<0533> J'avais épuisé tout mon courage pour m'asseoir à côté d'elle, mais j'étais incapable de trouver comment lancer la conversation.
<0534> …焦った。;;;<0534> ... Je m'affolais presque.
<0535> 重い沈黙が、幼い二人の間を流れた。;;;<0535> Un silence pesant s'installa entre nous deux.
<0536> でも、この機会を逃してはならない。;;;<0536> Mais je ne pouvais pas laisser filer cette occasion.
<0537> どうしてそう思ったのか。;;;<0537> Pourquoi me suis-je dit cela ?
<0538> 私は、この少女とお友達になりたいと思った。;;;<0538> Parce que je voulais devenir l'amie de cette fille.
<0539> …私好み。;;;<0539> ... Elle me plaisait.
<0540> いや…違う。;;;<0540> Non... Ce n'est pas ça.
<0541> 少女の雰囲気が、私にそう思わせた。;;;<0541> C'était l'atmosphère qui émanait d'elle :
<0542> その感情は、限りなく郷愁に近いものだった。;;;<0542> Un sentiment comparable à une nostalgie sans bornes.
<0543> 後はきっかけである。;;;<0543> Il me fallait juste une amorce :
<0544> 声をかけるきっかけさえ掴めば、私たちはお友達になれるはずだった。;;;<0544> Dès que nous aurions amorcé la conversation, nous serions capables de devenir amies.
<0545> 悩んだ。;;;<0545> J'étais tendue.
<0546> 私は、生涯でこれほど悩んだことは、他にない。;;;<0546> Tendue comme je ne l'avais jamais été.
<0547> そして、ひとつの結論を導き出した。;;;<0547> J'ai fini par trouver :
<0548> 私は、おもむろにシャボン玉セットを取り出し、シャボン玉を飛ばして見せた。;;;<0548> Soudainement, j'ai pris mon kit pour faire des bulles, et j'en ai soufflé une.
<0549> 「あ…」;;;<0549> Ah...
<0550> 少女が、小さくかわいい声をあげた。;;;<0550> La fille laissa échapper un petit cri.
<0551> 成功だった。;;;<0551> C'était un succès.
<0552> 私は、黙って少女にストローを渡した。;;;<0552> Sans dire un mot, je lui ai passé la paille.
<0553> そして、微笑みあった。;;;<0553> Puis je lui ai souri.
<0554> それだけでじゅうぶんだった。;;;<0554> C'était bien suffisant.
<0555> 「ありがとうっ」;;;<0555> Merci !
<0556> その時の少女の笑顔を、私は一生忘れないだろう。;;;<0556> Le sourire qu'elle me montra à ce moment-là, je ne l'oublierai jamais.
<0557> それからは、日が暮れるまで少女と二人でシャボン玉を飛ばして遊んだ。;;;<0557> Ensuite, nous avons joué à faire des bulles jusqu'au coucher du soleil.
<0558> かなり不器用なのか、少女は一度としてシャボン玉をうまくふくらますことができなかったけれど、楽しそうだった。;;;<0558> Si elle semblait trop peu adroite pour réussir à gonfler la moindre bulle, elle avait l'air content.
<0559> そして、私も楽しかった。;;;<0559> Moi aussi, j'étais contente.
<0560> 少女はとても元気で、私はすぐに少女のことを好きになった。;;;<0560> Elle débordait d'énergie, et je l'ai tout de suite appréciée.
<0561> 別れ際。;;;<0561> Au moment de se quitter...
<0562> 黄昏の中で、私たちは『また明日』と小さな約束を交わした。;;;<0562> Dans le crépuscule, nous avons échangé une petite promesse : 'à demain'.
<0563> 「なまえ、おしえてほしいな」;;;<0563> Dis-moi comment tu t'appelles.
<0564> と、少女が言った。;;;<0564> m'a-t-elle dit.
<0565> 「みちるはね、みちるっていうんだよ」;;;<0565> Moi, c'est Michiru.
<0566> 少女は、元気良く自分の名前を言った。;;;<0566> a-t-elle ajouté avec entrain.
<0567> それは、とても聞き慣れた名前だった。;;;<0567> Ce nom m'était familier.
<0568> 悲しいはずの名前。;;;<0568> Un nom qui aurait dû être chargé de tristesse.
<0569> でも、少女にとてもよく似合う、ステキな名前だと思った。;;;<0569> Mais je lui ai dit que ce nom lui allait très bien, et qu'il était très joli.
<0570> 「…私は…美凪」;;;<0570> ... Je suis... Minagi.
<0571> そう名乗った。;;;<0571> C'est ainsi que je lui ai donné mon nom.
<0572> みちるは目の前にいるのだから、私は美凪でよかった。;;;<0572> Face à 'Michiru', je me devais d'être 'Minagi'.
<0573> 美凪でいることができた。;;;<0573> Je pouvais enfin m'appeler 'Minagi'.
<0574> 嬉しかった。;;;<0574> J'étais heureuse.
<0575> その時、私は笑えた事に気づいた。;;;<0575> À ce moment-là, je me suis rendue compte que j'étais capable de rire.
<0576> その夜。;;;<0576> Cette nuit-là...
<0577> 家の中に変化があった。;;;<0577> Quelque chose avait changé à la maison.
<0578> いつもの場所にかけてあったはずの、あの絵がなくなっていた。;;;<0578> Le tableau qui avait toujours été accroché au mur n'y était plus.
<0579> 私は、直感的に思った。;;;<0579> Mon intuition m'a suggéré :
<0580> 『あの絵の女の子だっ』と。;;;<0580> 'C'est la fille du tableau !'
<0581> あの絵の女の子が、私とお友達になってくれるために現れたんだと思った。;;;<0581> J'ai pensé que la fille du tableau s'était manifestée pour devenir mon amie.
<0582> しかも、いなくなってしまったはずの妹の名前を持ってである。;;;<0582> De plus, elle portait le nom de la petite sœur qui n'aurait plus dû exister.
<0583> たとえ、それが勝手な想像で夢物語にすぎないとしても、私は嬉しかった。;;;<0583> Même si ce n'était que mon imagination, qu'une chimère, j'étais contente.
<0584> 幼い頃から、ずっとあの少女とお友達になりたいと思い続けてきたから。;;;<0584> Depuis que j'étais toute petite, j'avais toujours voulu devenir amie avec cette fille-là.
<0585> 妹と二人で遊びたいと、ずっと、願い続けてきたから。;;;<0585> J'avais toujours souhaité une petite sœur avec laquelle je pourrais jouer.
<0586> 私は、ようやく一人ではなくなったのだ。;;;<0586> J'avais enfin quelqu'un avec moi.
<0587> もう一人じゃない。;;;<0587> Je n'étais plus seule.
<0588> その夜は、興奮して眠れなかった。;;;<0588> Cette nuit-là, j'étais trop agitée pour dormir.
<0589> 明日は何をして遊ぼうかと、そればかりを考えていた。;;;<0589> Je n'arrivais à penser à rien d'autre qu'aux jeux auxquels l'on pourrait jouer le lendemain.
<0590> 眠りたくなかった。;;;<0590> Je ne voulais pas m'endormir.
<0591> 眠ってしまえば、起きたときにすべてが夢だったということになってしまいそうで、怖かった。;;;<0591> J'avais peur de me réveiller et de réaliser que tout cela n'avait été qu'un rêve.
<0592> 夢の中にいたかった。;;;<0592> Je voulais rester dans ce rêve.
<0593> 覚めない夢を、ずっと見ていたかった。;;;<0593> Je voulais continuer à tout jamais de faire ce rêve et de ne jamais m'en réveiller.
<0594> ずっと…見ていたかった…。;;;<0594> Le faire... pour toujours.
<0595> \　でも…私は夢から覚めなければならない…;;;<0595> \ Mais bon... Il me faut m'en réveiller...
<0596> \　夢は夢のまま…;;;<0596> \ Un rêve n'est qu'un rêve...
<0597> \　決して思い出にはなれないから…;;;<0597> \ Puisque jamais il ne deviendra un réel souvenir...
<0598> \　…ごめんなさい;;;<0598> \ ... Pardon.
<0599> \　そして…;;;<0599> \ Et...
<0600> \{美凪}「…\m{A}さん」;;;<0600> ... \m{B}-san.
<0601> \{\m{A}}「うん？」;;;<0601> Hmm ?
<0602> \{美凪}「…明日…みちるに会わせておきたいひとがいるんです」;;;<0602> ... Demain... Je veux présenter quelqu'un à Michiru.
<0603> \{\m{A}}「あわせておきたいひと？」;;;<0603> Tu veux la faire rencontrer quelqu'un ?
<0604> \{美凪}「…はい」;;;<0604> ... Oui.
<0605> \{美凪}「…まだみちるが持っていない…みちるだけの大切な思い出…」;;;<0605> ... Michiru n'en a pas encore... Un souvenir précieux qui n'appartient qu'à elle...
<0606> \{美凪}「…それをみちるにあげたいんです」;;;<0606> ... Je veux lui en offrir un.
<0607> \{\m{A}}「………」;;;<0607> .........
<0608> \{\m{A}}「…そっか。喜んでくれるといいな」;;;<0608> ... Je vois. Espérons que ça lui fasse plaisir.
<0609> \{美凪}「…はい」;;;<0609> ... Oui.
<0610> \{美凪}「…\m{A}さんも…おつきあい願えますか」;;;<0610> ... \m{A}-san... Vous voulez bien nous accompagner ?
<0611> \{\m{A}}「当たり前だろ」;;;<0611> Bien évidemment.
<0612> \{美凪}「………」;;;<0612> .........
<0613> \{美凪}「…そうですね…当たり前ですね」;;;<0613> ... Bien sûr... Je n'avais pas besoin de demander.
<0614> \{\m{A}}「ああ」;;;<0614> Ouais.
<0615> \{\m{A}}「ほら、さっさと帰ろうぜ」;;;<0615> Allez, il est temps que tu rentres.
<0616> \{\m{A}}「あいつ、待ってるって言ってたからな」;;;<0616> Elle a dit qu'elle t'attendait, hein.
<0617> \{\m{A}}「あまり長い間一人にしておくと、寂しがっちまうぞ」;;;<0617> Si tu la laisses attendre trop longtemps, elle va se sentir abandonnée.
<0618> \{美凪}「………」;;;<0618> .........
<0619> \{美凪}「…はい」;;;<0619> ... Oui.
<0620> \　そして…私は祈った…;;;<0620> \ C'est alors que j'ai fait une prière...
<0621> \　あなたの笑顔が…いつも暖かな日だまりの中にありますように…;;;<0621> \ Que ton sourire... soit toujours aussi radieux que le soleil...
