<0000> 歩き慣れてきた道。;;;<0000> Je connaissais bien cette route.
<0001> もう観鈴の地図も、必要ないかもしれない。;;;<0001> Peut-être même que le plan de Misuzu ne m'était plus nécessaire.
<0002> しかし暑い…。;;;<0002> Mais qu'est-ce qu'il faisait chaud...
<0003> しばらく雨も降っていないんじゃないだろうか。;;;<0003> La pluie n'avait pas dû tomber depuis un bon moment.
<0004> 焼けた道に水を撒く主婦がいた。;;;<0004> Il y avait une ménagère en train d'arroser la route brûlante.
<0005> \{\m{A}}（俺にぶっかけてくれ…）;;;<0005> Arrose-moi un peu...
<0006> びちゃ。;;;<0006> \bSplash\u
<0007> 足に引っかけられていた。;;;<0007> Elle m'éclaboussa les pieds.
<0008> \{主婦}「あ、ごめんなさいねぇ」;;;<0008> Ah, toutes mes excuses.
<0009> 実際されると、ムカつく…。;;;<0009> Mon souhait se'était concrétisé de manière assez frustrante...
<0010> \{主婦}「タオル、持ってきたほうがいいかしらねぇ…」;;;<0010> Est-ce je vous ramène une serviette...?
<0011> \{\m{A}}「構わない。すぐ乾くだろ…」;;;<0011> Ce n'est rien. Ça devrait vite sécher...
<0012> 暑い…。;;;<0012> Quelle chaleur...
<0013> かと言って、まだ家に戻るわけにもいかない。;;;<0013> Mais je ne souhaitais toujours par rentrer.
<0014> 俺は思い出す。;;;<0014> Je me rappelai quelque chose :
<0015> 涼しくなるには心頭滅却。;;;<0015> Si je me vidais l'esprit, alors je ne sentirais plus la chaleur.
<0016> この前は試そうとして、誰かの登場によって中断されていた。;;;<0016> La dernière fois que j'avais essayé, quelqu'un était venu m'interrompre.
<0017> 試してみる;;;<0017> Essayer
<0018> やめておく;;;<0018> Abandonner
<0019> この人気のない場所だったら大丈夫だろう。;;;<0019> Ça devrait mieux se passer vu qu'il n'y avait jamais personne dans le coin.
<0020> 俺は人形を地面に置き、指先を当てる。;;;<0020> Je posai ma marionnette au sol, et la touchai du bout du doigt.
<0021> \{\m{A}}「………」;;;<0021> .........
<0022> その精神集中の途中で音が聞こえてくる。;;;<0022> Alors que j'étais en train de focaliser mon esprit, j'entendis un bruit.
<0023> \{\m{A}}「ん…？」;;;<0023> Hmn...?
<0024> ぶろろろろろろろろぉーーっ！;;;<0024> \bVrooooooooooum\u !!
<0025> さっ！;;;<0025> \bHop\u !!
<0026> 人形を掴んで、引いていた。;;;<0026> Je tirai ma marionnette vers moi pour qu'elle esquive.
<0027> その前をバイクが通り過ぎる。;;;<0027> Une moto passa juste devant moi.
<0028> きぃぃぃーーっ！;;;<0028> \bCriiiii\u !!
<0029> 少し先で停車した。;;;<0029> Elle s'arrêta un peu plus loin.
<0030> \{晴子}「…あ、あんたかいなー」;;;<0030> ... Ah, c'était toi—.
<0031> \{\m{A}}「あんたは俺の人形をはねるために、こんなところで張っていたのか」;;;<0031> T'es venue jusqu'ici pour essayer de rouler sur ma marionnette ?
<0032> \{晴子}「なんや、それ」;;;<0032> Qu'est-ce que tu racontes ?
<0033> \{\m{A}}「いや、べつに」;;;<0033> Nan, rien.
<0034> \{晴子}「ていうか、こいつ、ごっつファンシーな格好しとるっ」;;;<0034> D'ailleurs, c'est qu'il est original, ton look !
<0035> \{晴子}「こわっ」;;;<0035> Beurk !
<0036> \{\m{A}}「ほっとけ」;;;<0036> Barre-toi !
<0037> \{晴子}「んなファンシーファッションであんた、なにしとんねん」;;;<0037> Et qu'est-ce que t'essaies de faire au juste, avec un style aussi fantasque ?
<0038> \{晴子}「で、あんた、こないなとこでなにしとんねん」;;;<0038> Et qu'est-ce que tu fiches ici, d'abord ?
<0039> \{\m{A}}「それはこっちのセリフだ」;;;<0039> C'est à moi de poser cette question.
<0040> \{\m{A}}「今日はまた一段とバイクの似合わない場所を走ってたもんだな」;;;<0040> Je vois qu'aujourd'hui aussi, tu continues de conduire ta bécane dans des endroits pas faits pour ça.
<0041> 晴子が降りてきた山を見上げる。;;;<0041> Je levai les yeux vers la colline que Haruko venait de dévaler.
<0042> \{\m{A}}「この先は…神社だったか」;;;<0042> Un peu plus loin... on arrive au sanctuaire, non ?
<0043> \{晴子}「せやな」;;;<0043> C'est ça.
<0044> \{晴子}「うちかて、たまにはお参りしたなるねん」;;;<0044> Je passe y faire un tour d'temps en temps.
<0045> \{晴子}「あやうく賽銭箱に激突するところやったけどなー」;;;<0045> J'ai même failli me crasher dans la boîte à offrandes—.
<0046> とんでもない参拝者だった。;;;<0046> Sacré comportement, pour une fidèle.
<0047> やめておこう。そんなことで涼しくなるなら、扇風機もクーラーもいらないはずだった。;;;<0047> J'abandonnai. S'il suffisait de faire ce genre de choses pour se rafraîchir, les ventilateurs et la climatisation n'existeraient pas.
<0048> \{\m{A}}「ん…？」;;;<0048> Hmm...?
<0049> ぶろろろろろろろろぉーーっ！;;;<0049> \bVrooooooooooum\u !!
<0050> バイクが通り過ぎてゆく。;;;<0050> Une moto passa juste devant moi.
<0051> きぃぃぃーーっ！;;;<0051> \bCriiiii\u !!
<0052> 少し先で停車した。;;;<0052> Elle s'arrêta un peu plus loin.
<0053> \{晴子}「…あ、あんたかいなー」;;;<0053> ... Ah, c'était toi—.
<0054> \{\m{A}}「あんたは俺の人形をつけ狙っているのか」;;;<0054> Tu visais ma marionnette ?
<0055> \{晴子}「なんや、それ」;;;<0055> Qu'est-ce que tu racontes ?
<0056> \{\m{A}}「いや、べつに」;;;<0056> Nan, rien.
<0057> \{晴子}「ていうか、こいつ、ごっつファンシーな格好しとるっ」;;;<0057> D'ailleurs, c'est qu'il est original, ton look !
<0058> \{晴子}「こわっ」;;;<0058> Beurk !
<0059> \{\m{A}}「ほっとけ」;;;<0059> Barre-toi !
<0060> \{晴子}「んなファンシーファッションであんた、なにしとんねん」;;;<0060> Et qu'est-ce que t'essaies de faire au juste, avec un style aussi fantasque ?
<0061> \{晴子}「で、あんた、こないなとこでなにしとんねん」;;;<0061> Et qu'est-ce que tu fiches ici, d'abord ?
<0062> \{\m{A}}「それはこっちのセリフだ」;;;<0062> C'est à moi de poser cette question.
<0063> \{\m{A}}「今日はまた一段とバイクの似合わない場所を走ってたもんだな」;;;<0063> Je vois qu'aujourd'hui aussi, tu continues de conduire ta bécane dans des endroits pas faits pour ça.
<0064> 晴子が降りてきた山を見上げる。;;;<0064> Je levai les yeux vers la colline que Haruko venait de dévaler.
<0065> \{\m{A}}「この先は…神社だったか」;;;<0065> Un peu plus loin... on arrive au sanctuaire, non ?
<0066> \{晴子}「せやな」;;;<0066> C'est ça.
<0067> \{晴子}「うちかて、たまにはお参りしたなるねん」;;;<0067> Je passe y faire un tour d'temps en temps.
<0068> \{晴子}「あやうく賽銭箱に激突するところやったけどなー」;;;<0068> J'ai même failli me crasher dans la boîte à offrandes—.
<0069> とんでもない参拝者だった。;;;<0069> Sacré comportement, pour une fidèle.
<0070> 暑い…。;;;<0070> Quelle chaleur...
<0071> かと言って、まだ家に戻るわけにもいかない。;;;<0071> Mais je ne souhaitais toujours par rentrer.
<0072> 俺は思い出す。;;;<0072> Je me rappelai quelque chose :
<0073> 涼しくなるには心頭滅却。;;;<0073> Si je me vidais l'esprit, alors je ne sentirais plus la chaleur.
<0074> 試してみる価値はあるのではないだろうか。;;;<0074> Cela valait peut-être la peine d'essayer.
<0075> 試してみる;;;<0075> Essayer
<0076> やめておく;;;<0076> Abandonner
<0077> 俺は人形を地面に置き、指先を当てる。;;;<0077> Je posai ma marionnette au sol, et la touchai du bout du doigt.
<0078> \{\m{A}}「………」;;;<0078> .........
<0079> その精神集中の途中で音が聞こえてくる。;;;<0079> Je posai ma marionnette au sol, et la touchai du bout des doigts.
<0080> \{\m{A}}「ん…？」;;;<0080> Hmm...?
<0081> ぶろろろろろろろろぉーーっ！;;;<0081> \bVrooooooooooum\u !!
<0082> さっ！;;;<0082> \bHop\u !!
<0083> 人形を掴んで、引いていた。;;;<0083> Je tirai ma marionnette vers moi pour qu'elle esquive.
<0084> その前をバイクが通り過ぎる。;;;<0084> Une moto passa juste devant moi.
<0085> きぃぃぃーーっ！;;;<0085> \bCriiiii\u !!
<0086> 少し先で停車した。;;;<0086> Elle s'arrêta un peu plus loin.
<0087> \{晴子}「…あ、あんたかいなー」;;;<0087> ... Ah, c'était toi—.
<0088> \{\m{A}}「この町の人間すべてが俺の人形を葬り去ろうと狙っているように思えるのは気のせいか」;;;<0088> Était-ce mon imagination, ou est-ce que tous les habitants de cette ville voulaient faire disparaître ma marionnette ?
<0089> \{晴子}「なんや、それ」;;;<0089> Qu'est-ce que tu racontes ?
<0090> \{\m{A}}「いや、べつにいいが…」;;;<0090> Nan, oublie ça...
<0091> \{晴子}「ていうか、こいつ、ごっつファンシーな格好しとるっ」;;;<0091> D'ailleurs, c'est qu'il est original, ton look !
<0092> \{晴子}「こわっ」;;;<0092> Beurk !
<0093> \{\m{A}}「ほっとけ」;;;<0093> Barre-toi !
<0094> \{晴子}「ごっつファンシーやでぇ…」;;;<0094> Ce doit être ce qu'on appelle la mode fantaisiste...
<0095> \{晴子}「んなファンシーファッションであんた、なにしとんねん」;;;<0095> Et qu'est-ce que t'essaies de faire au juste, avec un style aussi fantasque ?
<0096> \{晴子}「で、あんた、こないなとこでなにしとんねん」;;;<0096> Et qu'est-ce que tu fiches ici, d'abord ?
<0097> \{\m{A}}「それはこっちのセリフだ」;;;<0097> C'est à moi de poser cette question.
<0098> \{\m{A}}「今日はまた一段とバイクの似合わない場所を走ってたもんだな」;;;<0098> Je vois qu'aujourd'hui aussi, tu continues de conduire ta bécane dans des endroits pas faits pour ça.
<0099> 晴子が降りてきた山を見上げる。;;;<0099> Je levai les yeux vers la colline que Haruko venait de dévaler.
<0100> \{\m{A}}「この先は…神社だったか」;;;<0100> Un peu plus loin... on arrive au sanctuaire, non ?
<0101> \{晴子}「せやな」;;;<0101> C'est ça.
<0102> \{晴子}「うちかて、たまにはお参りしたなるねん」;;;<0102> Je passe y faire un tour d'temps en temps.
<0103> \{晴子}「あやうく賽銭箱に激突するところやったけどなー」;;;<0103> J'ai même failli me crasher dans la boîte à offrandes—.
<0104> とんでもない参拝者だった。;;;<0104> Sacré comportement, pour une fidèle.
<0105> やめておこう。そんなことで涼しくなるなら、扇風機もクーラーもなくていいはずだった。;;;<0105> J'abandonnai. S'il suffisait de faire de telles choses pour se rafraîchir, les ventilateurs et la climatisation n'auraient pas de raison d'exister.
<0106> 後から爆音が迫ってくる。;;;<0106> J'entendis comme des explosions se rapprocher derrière moi
<0107> \{\m{A}}「ん…？」;;;<0107> Hmn...?
<0108> ぶろろろろろろろろぉーーっ！;;;<0108> \bVrooooooooooum\u !!
<0109> どむっ！\shake{1};;;<0109> \bBam\u !! \shake{1}
<0110> バイクに跳ねられた。;;;<0110> Je fus projeté par une moto.
<0111> \{\m{A}}「………」;;;<0111> .........
<0112> じーこじーこ…;;;<0112> \bBrrr brrr\u...
<0113> みんみんみんみん…;;;<0113> \bCrr crr crr crr\u...
<0114> 空は青く澄み渡っている。;;;<0114> Le ciel azur était entièrement dégagé.
<0115> \{\m{A}}「そうだ。愛を説いて回ろう…」;;;<0115> J'ai compris. Prêchons l'amour entre les hommes...
<0116> 立ち上がる。;;;<0116> Je me relevai.
<0117> \{\m{A}}「………」;;;<0117> .........
<0118> \{\m{A}}「ちがうっ…今、俺を轢いたのは、誰だ！」;;;<0118> Non...! Là, je viens de me faire renverser ! Qui a fait ça ?!
<0119> バイクが目の前で停まっていた。;;;<0119> Une moto s'arrêta juste devant moi.
<0120> \{声}「うわぁ…またなんか、跳ねてもたぁ」;;;<0120> Uwaah... j'crois qu'j'ai encore cogné quelque chose.
<0121> ライダーがヘルメットを取る。;;;<0121> Le pilote ôta son casque.
<0122> \{晴子}「あ、またあんたかいな」;;;<0122> Ah, c'était encore toi.
<0123> \{\m{A}}「………」;;;<0123> .........
<0124> \{晴子}「ちょっと傾いてるか？  でも立ててるな。よし、無事や」;;;<0124> Tu as l'air un peu plié, non ? Mais tu tiens debout. Bien, aucun problème.
<0125> \{\m{A}}「………」;;;<0125> .........
<0126> もう何も突っ込むまい。;;;<0126> Je n'avais rien à ajouter.
<0127> \{晴子}「ていうか、こいつ、ごっつファンシーな格好しとるっ」;;;<0127> D'ailleurs, c'est qu'il est original, ton look !
<0128> \{晴子}「こわっ」;;;<0128> Beurk !
<0129> \{\m{A}}「ほっとけ」;;;<0129> Barre-toi !
<0130> \{晴子}「ごっつファンシーやでぇ…」;;;<0130> Ce doit être ce qu'on appelle la mode fantaisiste...
<0131> \{晴子}「んなファンシーファッションであんた、なにしとんねん」;;;<0131> Et qu'est-ce que t'essaies de faire au juste, avec un style aussi fantasque ?
<0132> \{晴子}「で、あんた、こないなとこでなにしとんねん」;;;<0132> <0133> \{\m{A}}「それはこっちのセリフだ」;;;<0133> C'est à moi de poser cette question.
<0134> \{\m{A}}「今日はまた一段とバイクの似合わない場所を走ってたもんだな」;;;<0134> Je vois qu'aujourd'hui aussi, tu continues de conduire ta bécane dans des endroits pas faits pour ça.
<0135> 晴子が降りてきた山を見上げる。;;;<0135> Je levai les yeux vers la colline que Haruko venait de dévaler.
<0136> \{\m{A}}「この先は…神社だったか」;;;<0136> Un peu plus loin... on arrive au sanctuaire, non ?
<0137> \{晴子}「せやな」;;;<0137> C'est ça.
<0138> \{晴子}「うちかて、たまにはお参りしたなるねん」;;;<0138> Je passe y faire un tour d'temps en temps.
<0139> \{晴子}「あやうく賽銭箱に激突するところやったけどなー」;;;<0139> J'ai même failli me crasher dans la boîte à offrandes—.
<0140> とんでもない参拝者だった。;;;<0140> Sacré comportement, pour une fidèle.
<0141> \{晴子}「ほな、うち仕事に戻らなあかんさかいにいくわー」;;;<0141> Bon, ben faut que je retourne au boulot—.
<0142> \{\m{A}}「ああ、とっとと行ってくれ」;;;<0142> Ouais, barre-toi d'ici.
<0143> \{晴子}「さいなら」;;;<0143> Au r'voir.
<0144> ぶろろろろろろーーーっ！;;;<0144> \bVroooooooooum\u !!
<0145> バイクが土埃を巻き上げながら、遠ざかってゆく。;;;<0145> La moto souleva un nuage de poussière, puis s'éloigna.
<0146> それが消えて見えなくなると、辺りは再び田舎町の情景に戻る。;;;<0146> Une fois partie, l'atmosphère redevint celle d'un village de campagne.
<0147> \{\m{A}}（神社か…）;;;<0147> Un sanctuaire...?
<0148> \{\m{A}}（暇だし、行ってみるか）;;;<0148> J'ai rien à faire, autant aller voir.
<0149> 俺は晴子が来た方向へと歩き出す。;;;<0149> Je me mis en marche dans l'opposée de la direction dont Haruko était venue.
<0150> ………。;;;<0150> ..........
<0151> なんとはなしに来てみたが…;;;<0151> J'y allais sans raison particulière...
<0152> \{\m{A}}（何にもないぞ…）;;;<0152> Qu'est-ce que c'est vide...
<0153> 動くものといえば雲の影だけ。聞こえるのもセミの声だけだった。;;;<0153> Tout ce qui bougeait, c'étaient les ombres des nuages. Tout ce que j'entendais, c'était le chant des cigales.
<0154> 車の走る音も、人の声も聞こえない。;;;<0154> Je ne distinguais ni voitures qui roulaient, ni gens qui parlaient.
<0155> ただ、セミ、セミ、セミ…;;;<0155> Par contre, des cigales, des cigales, et encore des cigales...
<0156> セミセミセミセミセミセミセミセミセミセミ…;;;<0156> Des cigales des cigales des cigales des cigales des cigales des cigales des cigales des cigales des cigales des cigales...
<0157> \{\m{A}}「ちっとは、黙れっ！」;;;<0157> Eh oh, la ferme !!
<0158> さらにうるさくなったような気がする…。;;;<0158> C'est moi où elles sont encore plus bruyantes maintenant ?
<0159> \{\m{A}}「戻るかな…」;;;<0159> C'est le moment de rentrer...
<0160> 踵を返す。;;;<0160> Je fis demi-tour.
<0161> その先で、子供が数人、木の下に集まっていた。;;;<0161> Un peu en avant, un groupe d'enfants s'étaient rassemblés sous un arbre.
<0162> 皆、網やカゴを持っている。;;;<0162> Ils avaient tous au moins un filet et une cage.
<0163> 虫を捕っているのだ。;;;<0163> Visiblement pour aller chasser des insectes.
<0164> \{子供たち}「あ、あのひとに頼もうよ」;;;<0164> Ah, demandons à ce monsieur.
<0165> \{子供たち}「体大きいよ、あのひと」;;;<0165> Qu'est-ce qu'il est grand, ce monsieur.
<0166> 何か知らないが、こっちを見ている。;;;<0166> Ils regardaient dans ma direction, sans que je susse trop pourquoi.
<0167> \{子供たち}「えーっ、なんか目つきが恐いよぅ」;;;<0167> Eeh... Mais ses yeux me font flipper.
<0168> \{\m{A}}「………」;;;<0168> .........
<0169> \{子供}「ねぇねぇ」;;;<0169> Dites, dites.
<0170> そのうちの一人が近づいてくる。;;;<0170> L'un d'entre eux finit par m'approcher.
<0171> \{\m{A}}「なんだよ…」;;;<0171> Qu'est-ce qu'il y a...?
<0172> \{子供}「あの木、蹴ってくれない？」;;;<0172> Tu peux donner un coup de pied dans cet arbre ?
<0173> \{\m{A}}「蹴る？  なんのために」;;;<0173> Lui donner un coup de pied ? Pour faire quoi ?
<0174> \{子供}「そうしたら、虫が落ちてくる」;;;<0174> Si tu fais ça, des insectes vont en tomber.
<0175> 俺はその木を見上げる。;;;<0175> Je levai les yeux vers l'arbre en question.
<0176> 本当だろうか…。;;;<0176> Vraiment...?
<0177> \{\m{A}}「わかった。蹴ってやろう」;;;<0177> D'accord. J'vais lui donner un bon coup de pied.
<0178> わーい、と子供たちが歓声をあげる。;;;<0178> 'Youpi', s'exclamèrent-ils de joie.
<0179> \{子供}「思いっきりね」;;;<0179> De toutes tes forces !
<0180> \{\m{A}}「思いきりか…」;;;<0180> De toutes mes forces...?
<0181> \{\m{A}}「どいてろよ、おまえら」;;;<0181> Écartez-vous, vous autres.
<0182> 俺は木の前に立つ。;;;<0182> Je fis face à l'arbre.
<0183> \{\m{A}}「せーのっ…」;;;<0183> À la une, à la deux...
<0184> どぐしっっ！！\shake{3};;;<0184> \bBonk\u !!!! \shake{3}
<0185> 木が、一瞬ぶれた。;;;<0185> L'arbre trembla pendant un instant.
<0186> ボタボタボタボタボタボタッ！！;;;<0186> \bPlop plop plop plop plop plop\u !!!
<0187> 色んなものが落ちてきた。;;;<0187> Toutes sortes de choses tombèrent de l'arbre.
<0188> \{\m{A}}「じゃあな」;;;<0188> À plus.
<0189> \{子供}「わーっ、いっぱい虫つけて、去ってくよ、あのひと！」;;;<0189> Waah ! Le monsieur s'en va couvert d'insectes !
<0190> \{\m{A}}「………」;;;<0190> .........
<0191> 見下ろすと、体中、虫だらけだった。;;;<0191> J'abaissais mon regard et vis que j'étais recouvert d'insectes de la tête aux pieds.
<0192> \{子供}「やりぃー！」;;;<0192> Sensas— !!
<0193> 子供が俺に群がって、虫を捕っていく。;;;<0193> Les enfants se groupèrent autour de moi et se mirent à capturer les insectes.
<0194> \{子供}「コガネムシはいらないや」;;;<0194> Pas besoin des scarabées.
<0195> \{\m{A}}「全部、取ってくれ！」;;;<0195> Enlevez-les tous !
<0196> \{\m{A}}「………」;;;<0196> .........
<0197> 子供たちが去ってゆく。;;;<0197> Les enfants s'en allèrent.
<0198> 俺はそれを見送った。;;;<0198> Nous nous dîmes au revoir.
<0199> \{観鈴}「ばいばーい」;;;<0199> Bye bye—.
<0200> \{\m{A}}「え…？」;;;<0200> Hein...?
<0201> 隣に観鈴がいた。;;;<0201> Misuzu se trouvait à côté de moi.
<0202> \{\m{A}}「いたのか、おまえ…」;;;<0202> T'étais là...?
<0203> \{観鈴}「今きたところ。でも一足遅かった」;;;<0203> Je viens d'arriver. Mais j'arrive trop tard.
<0204> \{観鈴}「子供たち、いっちゃった」;;;<0204> Les enfants sont tous partis.
<0205> \{観鈴}「\m{A}さん、子供たちと遊んでた」;;;<0205> \m{A}, tu jouais avec les enfants.
<0206> \{\m{A}}「違う」;;;<0206> Non.
<0207> \{観鈴}「\m{A}さん、ひとりで遊ぶのよくないよ」;;;<0207> \m{A}-san, c'est pas bien de jouer seul.
<0208> こいつは俺が子供たちと虫捕りをして遊んでいたと思っているのだ。;;;<0208> Elle devait penser que j'avais joué à chasser les insectes avec les enfants.
<0209> \{観鈴}「わたしも誘ってほしい」;;;<0209> J'aurais bien aimé que tu m'invites.
<0210> \{\m{A}}「掃除してたじゃないか」;;;<0210> Tu faisais pas le ménage ?
<0211> \{観鈴}「それでも、抜け駆けはよくないよ」;;;<0211> Peu importe, ça ne se fait pas de faire ça dans ton coin.
<0212> \{\m{A}}「べつに遊んでたわけじゃないんだけどな…」;;;<0212> Je n'étais pas vraiment en train de jouer...
<0213> \{\m{A}}「おまえのほうこそ、こんなところまで何しにきたんだよ」;;;<0213> Et toi alors, qu'est-ce que t'es venue faire dans un endroit pareil ?
<0214> \{観鈴}「下で見かけたから、追っかけてきた」;;;<0214> Je t'ai vue depuis le bas de la colline, alors je t'ai rattrapé.
<0215> \{観鈴}「そうしたら、\m{A}さん、子供たちとムシ捕ってた」;;;<0215> Et en arrivant, je t'ai vu chasser les insectes avec les enfants.
<0216> \{\m{A}}「だから違うって言ってるだろ」;;;<0216> Mais je te dis que non !
<0217> \{観鈴}「証拠のコガネムシ」;;;<0217> Ce scarabée en est la preuve.
<0218> 俺の背中から、虫をはぎ取っていた。;;;<0218> Elle retira un scarabée de mon dos.
<0219> ぶぅん、とそれが観鈴の手から飛び立つ。;;;<0219> Il s'envola aussitôt de la main de Misuzu.
<0220> \{観鈴}「\m{A}さんっておもしろいよね」;;;<0220> \m{A}-san, tu es vraiment rigolo.
<0221> \{\m{A}}「なにが」;;;<0221> En quoi ?
<0222> \{観鈴}「黙ってたらクールなのに、いつも子供っぽいことしたり、ヘンなことしてたりする」;;;<0222> Tu as l'air cool quand tu ne dis rien, mais tu te comportes toujours un peu comme un enfant, et tu fais des trucs bizarres.
<0223> …かなりショックな事実だった。;;;<0223> ... Cette declaration me fit un petit choc.
<0224> \{\m{A}}「マジかよ…」;;;<0224> T'es sérieuse, là...?
<0225> \{観鈴}「うん、マジ」;;;<0225> Oui, sérieuse.
<0226> \{観鈴}「今日は、ステゴザウルス、がおがおしてるし」;;;<0226> Aujourd'hui, le stégosaure a fait 'gao gao'.
<0227> \{\m{A}}「好きで、がおがおしてるんじゃないぞ…」;;;<0227> C'est pas comme si ça me plaisait de faire 'gao gao'...
<0228> \{観鈴}「でも、そういうところ、\m{A}さんの面白いところだから、好き」;;;<0228> Mais c'est ces choses-là qui te rendent rigolo, \m{A}-san, et moi j'aime bien.
<0229> \{\m{A}}「おまえに嫌われてもいいから、クールに生きよう、これからは…」;;;<0229> Quitte à ce que tu me détestes, je resterai cool toute ma vie...
<0230> ふらふらと坂を下り始める。;;;<0230> Je descendis la pente accidentée.
<0231> \{観鈴}「どこいくの？」;;;<0231> Tu vas où ?
<0232> \{\m{A}}「風まかせだ」;;;<0232> Là où le vent me portera.
<0233> クールに答えた。;;;<0233> répondis-je de manière coole.
<0234> \{\m{A}}「あばよ」;;;<0234> Adios.
<0235> \{観鈴}「わ、待って」;;;<0235> Wah, attends.
<0236> 観鈴が走ってきて、俺の腕をつかむ。;;;<0236> Misuzu me courut après et agrippa mon bras.
<0237> \{\m{A}}「なんだよ」;;;<0237> Quoi encore ?
<0238> \{観鈴}「えっとね…」;;;<0238> Euh...
<0239> \{観鈴}「ここまで来たんだから、もっと遊びたいなって思って」;;;<0239> Puisqu'on est venus jusqu'ici, je me disais qu'on pouvait jouer encore un peu.
<0240> \{観鈴}「隠れん坊しよ」;;;<0240> Jouons à cache-cache.
<0241> \{\m{A}}「はぁ？」;;;<0241> Haa ?
<0242> \{観鈴}「かくれんぼっ」;;;<0242> Cache-cache !
<0243> \{\m{A}}「んなもの町の子供を集めてやってくれ」;;;<0243> Va t'trouver des gosses au village pour jouer avec toi.
<0244> \{観鈴}「\m{A}さんとしたい」;;;<0244> Je veux jouer avec toi.
<0245> \{\m{A}}「何歳だよ、俺たちは」;;;<0245> On a l'air d'avoir quel âge ?
<0246> \{観鈴}「歳なんて関係ないよ」;;;<0246> L'âge n'a rien à voir avec ça.
<0247> \{\m{A}}「たった今、これからはクールに生きようと決めたところなんだぞ、俺は…」;;;<0247> Mais je viens juste de décider d'être cool pour le restant de mes jours...
<0248> 帰る;;;<0248> Rentrer
<0249> 遊ぶ;;;<0249> Jouer
<0250> \{\m{A}}「帰る」;;;<0250> Je rentre.
<0251> 俺は踵を返して、坂を下り始める。;;;<0251> Je fis demi-tour et commençai à descendre la pente.
<0252> \{観鈴}「うーん、残念」;;;<0252> Hmm... Dommage.
<0253> その後に観鈴が続いた。;;;<0253> Misuzu me suivit.
<0254> 川のせせらぐ音が聞こえる。;;;<0254> Je pouvais entendre les ronflements du ruisseau.
<0255> 体を乗り出して、観鈴がその下を覗き込んでいた。;;;<0255> Misuzu se pencha en avant pour mieux le voir.
<0256> \{観鈴}「お魚、すくいたいな」;;;<0256> Je veux aller pêcher des poissons avec une épuisette.
<0257> \{\m{A}}「俺は泳ぎたいよ…」;;;<0257> Moi, je veux nager...
<0258> そうすれば、どれだけ涼しいことだろう。;;;<0258> Qu'est-ce que ce serait rafraîchissant.
<0259> だが、この川が泳げるほど深くないことは、既に体験済みだ。;;;<0259> Malheureusement, je savais que l'eau n'était pas assez profonde pour y nager : j'en avais déjà fait l'expérience.
<0260> \{観鈴}「うん、それもいい」;;;<0260> Oui, ça aussi, c'est une bonne idée.
<0261> \{\m{A}}「おまえは、ほんと、なんだっていいんだな」;;;<0261> En fait, tout te va, à toi ?
<0262> \{観鈴}「夏休みだからね。遊べるだけ、遊びたい」;;;<0262> C'est parce que c'est les vacances d'été. Elles sont faites pour s'amuser.
<0263> \{\m{A}}「宿題もしないとな」;;;<0263> Et faire tes devoirs, non ?
<0264> \{観鈴}「ちゃんとがんばってるよ」;;;<0264> Je m'y applique déjà.
<0265> \{\m{A}}「ほんとかよ…」;;;<0265> Vraiment...?
<0266> \{観鈴}「だからね、遊んでこ」;;;<0266> Et donc, allons nous amuser.
<0267> \{\m{A}}「嫌だって言ってるだろ…」;;;<0267> Je t'ai dit que je ne voulais pas...
<0268> じゃぷん！;;;<0268> \bSplash\u !
<0269> \{\m{A}}「は？」;;;<0269> Ha ?
<0270> 振り返ると観鈴の姿が消えていた。;;;<0270> Je me retournai et vis que Misuzu avait disparu.
<0271> 代わりに、下のほうからきゃっきゃと嬉しそうな声が聞こえてくる。;;;<0271> À la place, j'entendis des cris de joie venant du bas.
<0272> ひとりで遊び始めたようだった。;;;<0272> Elle s'était mise à jouer toute seule.
<0273> \{\m{A}}「はぁ…」;;;<0273> Haa...
<0274> こいつの近くにいると、無意味に時間を浪費するだけで、一向に前に進まない。;;;<0274> Dès qu'elle était là, je perdais mon temps à faire des choses inutiles, et je n'avançais jamais.
<0275> 少なからず、それを俺自身、楽しんでいたところもある。;;;<0275> C'est vrai qu'il m'arrivait souvent de finir par me laisser prendre au jeu.
<0276> けど、俺には目的があったから、こんなところで呑気にしているわけにはいかないのだ。;;;<0276> Cela dit, j'avais des objectifs, et je ne pouvais donc pas me permettre de batifoler comme ça.
<0277> \{\m{A}}「観鈴」;;;<0277> Misuzu.
<0278> 俺は下に声をかける。;;;<0278> Je l'appelai.
<0279> \{\m{A}}「俺、用があるから、いくな」;;;<0279> J'ai quelque chose à faire, alors j'y vais.
<0280> 返事はない。ただ、はしゃぐ声だけが聞こえ続けた。;;;<0280> Pas de réponse. Je l'entendis simplement continuer à s'ébattre.
<0281> 俺はその場を後にした。;;;<0281> Je m'en allai.
<0282> しかし、遊ぶといっても、隠れん坊をする気にはなれない。;;;<0282> Je voulais bien jouer avec elle, mais je n'étais pas d'humeur à jouer à cache-cache.
<0283> うまく隠れられたら、陽が暮れるまで探し続けることになる。;;;<0283> Il suffirait que je me cache plutôt bien pour qu'elle me cherche jusqu'au coucher du soleil et que ça n'en finisse pas.
<0284> \{\m{A}}「代わりにかけっこだ。それぐらいならしてやろう」;;;<0284> Faisons la course, à la place. Je préfère ça.
<0285> それなら一瞬で終わる。;;;<0285> Comme ça, ce sera fini en un instant.
<0286> \{観鈴}「うん、いいよ。どこまで？」;;;<0286> Oui, ça me va. Jusqu'où ?
<0287> \{\m{A}}「そうだな…ここから、てっぺんまでだ」;;;<0287> Bonne question... On part d'ici, puis jusqu'au sommet.
<0288> \{観鈴}「よし、じゃあ…よーい…」;;;<0288> Ok, alors... Prêts...
<0289> \{観鈴}「どんっ」;;;<0289> Partez !
<0290> 俺たちは駆け出す。;;;<0290> Nous nous mîmes à courir.
<0291> すぐ、観鈴の姿は見えなくなった。;;;<0291> Je ne voyais déjà plus Misuzu.
<0292> 手を抜くにも抜きようがないほど、観鈴は遅かった。;;;<0292> Elle était tellement lente qu'y aller doucement n'aurait rien changé.
<0293> \{\m{A}}（徒歩でも勝ってたんじゃないか…）;;;<0293> J'aurais peut-être pu gagner en marchant...
<0294> それぐらい鈍足。;;;<0294> Très, très lente.
<0295> \{\m{A}}（この暑い中、馬鹿らしい…）;;;<0295> Faire ça dans cette chaleur, c'est ridicule...
<0296> 俺は額から汗を滝のように流しながら、観鈴を待った。;;;<0296> J'attendis Misuzu, des trombes de sueur dégoulinant sur mon front.
<0297> ………。;;;<0297> ..........
<0298> ……。;;;<0298> .......
<0299> …遅すぎる。;;;<0299> ... \bTrop\u lent.
<0300> 嫌な予感がする。;;;<0300> J'avais un mauvais pressentiment.
<0301> この暑さで走ろうが、俺だから立っていられるのかもしれない。;;;<0301> Moi, je pouvais courir sous une chaleur pareille et rester debout.
<0302> あいつは普通の女の子だ。;;;<0302> Mais l'autre n'était qu'une petite fille ordinaire.
<0303> 俺は、再び駆けて坂を下っていた。;;;<0303> Je redescendis la pente en courant.
<0304> \{\m{A}}（だから、大人しく家に帰らせておけば良かったんだっ…）;;;<0304> Franchement, elle aurait dû être sage et me laisser rentrer à la maison.
<0305> \{\m{A}}「観鈴っ」;;;<0305> Misuzu !
<0306> 観鈴は、坂の途中でしゃがみ込んでいた。;;;<0306> Elle était accroupie au beau milieu de la montée.
<0307> \{\m{A}}「大丈夫か、観鈴」;;;<0307> Ça va, Misuzu ?
<0308> \{観鈴}「あ、\m{A}さん」;;;<0308> Ah, \m{A}-san.
<0309> 立ち上がって振り返る観鈴。;;;<0309> Elle se leva et se tourna vers moi.
<0310> \{観鈴}「見て。オオクワガタ」;;;<0310> Regarde. C'est un lucane cerf-volant.
<0311> \{\m{A}}「………」;;;<0311> .........
<0312> \{観鈴}「これね、すごく珍しい」;;;<0312> Ils sont super rares.
<0313> \{\m{A}}「………」;;;<0313> .........
<0314> \{観鈴}「子供たちに見せたら、人気者になれる」;;;<0314> Tu deviendras populaire si tu le montres aux enfants.
<0315> \{\m{A}}「………」;;;<0315> .........
<0316> \{観鈴}「ん？  \m{A}さん？」;;;<0316> Hmn ? \m{A}-san ?
<0317> \{\m{A}}「………」;;;<0317> .........
<0318> \{観鈴}「なにか言ってほしいな」;;;<0318> Tu devrais dire quelque chose.
<0319> \{\m{A}}「………」;;;<0319> .........
<0320> \{観鈴}「顔にクワガタ～っ」;;;<0320> Lucane sur ton visage~ !
<0321> ザクザクザクッ！\shake{1};;;<0321> \bRampe rampe rampe\u !! \shake{1}
<0322> \{\m{A}}「ぐあ…」;;;<0322> Argh...
<0323> \{\m{A}}「這わせるなっ！  痛いだろっっ！」;;;<0323> Arrête de ramper !! Ça fait mal !!!
<0324> 俺は顔面から馬鹿でかい昆虫をはぎ取り、観鈴に突きつける。;;;<0324> J'arrachai l'énorme bestiole de mon visage, et le lançai à Misuzu.
<0325> \{観鈴}「にはは…ごめんなさい」;;;<0325> Nihaha... Désolée.
<0326> \{\m{A}}「おまえな…心配したんだぞ」;;;<0326> Tu sais... Je m'inquiétais pour toi.
<0327> \{観鈴}「ん？」;;;<0327> Hmn ?
<0328> \{\m{A}}「そもそも、俺たちはなんの途中だった」;;;<0328> Et d'abord, qu'est-ce qu'on était en train de faire ?
<0329> \{観鈴}「虫捕り」;;;<0329> On chassait les insectes.
<0330> \{\m{A}}「…かけっこはどうした」;;;<0330> ... Et la course, alors ?
<0331> \{観鈴}「あ、そうだった。うん、それもする」;;;<0331> Ah, c'est vrai. Oui, on fera ça, aussi.
<0332> \{\m{A}}「あれもする、これもするじゃ…付き合ってるこっちがたまらないっての」;;;<0332> Faire ci, faire ça... C'est fatiguant de te suivre.
<0333> 俺は膝に手をついて、息を落ち着ける。;;;<0333> Je posai mes mains sur mes genoux pour reprendre ma respiration.
<0334> 焦った分だけ、汗も大量に吹き出ていた。;;;<0334> Toute cette panique m'avait fait suer abondamment.
<0335> \{観鈴}「よーい、どん」;;;<0335> Prêts... Partez !
<0336> \{\m{A}}「え…？」;;;<0336> Hein...?
<0337> 観鈴はひとりで坂を駆けのぼっていった。;;;<0337> Misuzu se mit à monter la pente en courant.
<0338> \{\m{A}}「………」;;;<0338> .........
<0339> 俺は唖然と見送る。;;;<0339> Je la suivis d'un regard ahuri.
<0340> ………。;;;<0340> ..........
<0341> 戻ってくる様子はなかった。;;;<0341> Elle n'avait pas l'air de revenir.
<0342> \{\m{A}}「もう一度のぼるんだな、俺は…」;;;<0342> On dirait que je vais encore devoir me faire cette montée, moi...
<0343> \{\m{A}}「はぁ…はぁ…」;;;<0343> Haa... Haa...
<0344> 再び石段の頂上に辿り着くと、そこで観鈴はＶサインをして立っていた。;;;<0344> Une fois arrivé, enfin, en haut des marches, je fus accueilli par Misuzu qui m'adressa un V de la victoire.
<0345> \{観鈴}「勝った」;;;<0345> J'ai gagné.
<0346> \{観鈴}「わたし、速かった？」;;;<0346> Est-ce que j'étais rapide ?
<0347> \{\m{A}}「ああ。速かった」;;;<0347> Ouais. T'étais rapide.
<0348> \{観鈴}「観鈴ちん、すごい」;;;<0348> Misuzu-chin est super !
<0349> \{\m{A}}「はぁ…」;;;<0349> Haa...
<0350> \{\m{A}}「何が悲しくて、こんな暑い中、坂道を往復しなきゃならないんだよ…」;;;<0350> Qu'ai-je fait pour me retrouver à monter et descendre une pente dans une chaleur pareille...?
<0351> 地面に倒れ込んでしまいたかった。;;;<0351> Je m'écroulai au sol.
<0352> \{観鈴}「クワガタさんは、ここにお引っ越し～」;;;<0352> Monsieur Cerf-volant, voici votre nouvelle demeure~~=.
<0353> 観鈴はさっき捕まえた巨大なクワガタを別の木にくっつけていた。;;;<0353> Misuzu colla l'énorme lucane cerf-volant qu'elle venait d'attraper contre un nouvel arbre.
<0354> クワガタにすればいい迷惑だろう。;;;<0354> Ça avait l'air de l'agacer.
<0355> \{\m{A}}「しかし…」;;;<0355> Mais...
<0356> 俺は辺りを見回す。;;;<0356> Je scrutai mes environs.
<0357> \{\m{A}}「ここ神社だろ。ひとけがぜんぜんないな…」;;;<0357> C'est un sanctuaire, non ? C'est mort de chez mort...
<0358> \{観鈴}「普段はそうだね」;;;<0358> C'est comme ça la plupart du temps.
<0359> \{観鈴}「でも、もうすぐ人でいっぱいになる」;;;<0359> Mais bientôt, il y aura plein plein de monde.
<0360> \{\m{A}}「洪水でもきて、町の人間が一斉に避難でもしてくるのか」;;;<0360> Le village va être inondé et tous ses habitants vont se réfugier ici ?
<0361> \{\m{A}}「嫌な予言をする奴だな…」;;;<0361> Tu vas nous porter la poisse à dire ça...
<0362> \{観鈴}「そんなこと言ってないって」;;;<0362> Je n'ai jamais dit ça.
<0363> \{観鈴}「わたしの描いた地図に書いてあるよ」;;;<0363> C'est écrit sur le plan que je t'ai dessiné.
<0364> \{\m{A}}「なにが」;;;<0364> Quoi ?
<0365> \{観鈴}「ここが賑わう理由」;;;<0365> La raison pour laquelle il y aura du monde ici.
<0366> 俺はポケットから地図を取り出す。;;;<0366> Je sortis le plan de ma poche.
<0367> \{\m{A}}「意味不明の巨大生物」;;;<0367> Une mystérieuse créature géante.
<0368> \{観鈴}「その隣」;;;<0368> À côté d'elle.
<0369> \{\m{A}}「…もうすぐ夏祭り」;;;<0369> '... Bientôt le festival'.
<0370> \{観鈴}「そう。お祭り」;;;<0370> Je vois. Le festival.
<0371> \{観鈴}「夏祭りがあるの、ここで」;;;<0371> Il va y avoir un festival d'été, ici.
<0372> \{観鈴}「そのときは人でいっぱいになる」;;;<0372> Il y aura plein plein de monde à ce moment-là.
<0373> \{観鈴}「町の子供がみんなくるから」;;;<0373> Tous les enfants du village vont venir.
<0374> \{\m{A}}「それは嫌すぎるぞ…」;;;<0374> Quelle horreur...
<0375> 決してそんな中にいたくない。;;;<0375> Pour rien au monde je ne me joindrais à eux.
<0376> \{観鈴}「ん？」;;;<0376> Hmn ?
<0377> \{\m{A}}「いや…なんでもない」;;;<0377> Nan... rien.
<0378> \{観鈴}「だからね、今は静かなの」;;;<0378> Et donc, pour l'instant, c'est calme.
<0379> 辺りはセミの声しかしない。;;;<0379> Rien que le chant des cigales.
<0380> それはまるで木々が、一年かけて祭りの後の空気を吸い続けてるような…;;;<0380> C'était comme si les arbres continuaient à expirer l'air du festival tout au long de l'année.
<0381> そんな錯覚がした。;;;<0381> C'était l'impression que ça me donnait.
<0382> そしてすべてを吸い尽くしたとき、再び祭りの日はやってくる。;;;<0382> Et une fois qu'ils l'auraient entièrement expiré, le festival pourrait reprendre.
<0383> この場所だけは、その日を中心に回っているのだ。;;;<0383> Cet endroit tournait autour de ce jour-là.
<0384> \{\m{A}}「じゃあ、その日は夏休みのメインイベントなんだな」;;;<0384> Ça veut dire que ce jour sera l'événement phare des vacances d'été, hein ?
<0385> \{観鈴}「うん。そうだねー」;;;<0385> Oui. C'est ça—.
<0386> \{\m{A}}「楽しみだな」;;;<0386> Ça a l'air fun.
<0387> \{観鈴}「うん、楽しみ」;;;<0387> Oui, c'est fun.
<0388> \{\m{A}}「そういや、おまえ、今でも信じてるのか」;;;<0388> D'ailleurs, toi, t'y crois encore ?
<0389> \{観鈴}「なにを？」;;;<0389> À quoi ?
<0390> \{\m{A}}「ひよこが大きくなったら、恐竜になるって」;;;<0390> Au fait que les poussins deviennent des dinosaures en grandissant ?
<0391> \{観鈴}「もう知ってるよ。ひよこは大きくなったら、ニワトリさんになる」;;;<0391> Ben non. Je sais déjà que les poussins deviennent des poules quand ils grandissent.
<0392> \{\m{A}}「よくできました」;;;<0392> Bravo.
<0393> \{観鈴}「でも、どうして知ってるかなぁ、そんな話」;;;<0393> Mais comment ça se fait que tu sois au courant de cette histoire ?
<0394> \{\m{A}}「晴子から聞いたんだ」;;;<0394> Haruko me l'a racontée.
<0395> \{観鈴}「はぁ…そんな小さい頃の話持ち出して…」;;;<0395> Haa... Pourquoi raconter ça ? Ça remonte à quand j'étais toute petite...
<0396> \{\m{A}}「一日中泣いていたって聞いたぞ」;;;<0396> Elle m'a dit que tu avais pleuré toute la journée.
<0397> \{観鈴}「うん…」;;;<0397> Oui...
<0398> \{\m{A}}「欲しかったんだろ、ひよこ。いや、違うか。恐竜の子供か」;;;<0398> Tu en avais vraiment envie, du poussin. Nan, pas du poussin. C'était un bébé dinosaure que tu voulais.
<0399> \{観鈴}「ううん、欲しかったのはひよこでも、恐竜の子供でもなかった」;;;<0399> Non, ce n'était ni un poussin, ni un bébé dinosaure, dont j'avais envie.
<0400> \{観鈴}「なんでもよかったの。買ってもらえるんなら」;;;<0400> N'importe quoi m'aurait fait plaisir. Je voulais juste qu'on m'offre quelque chose.
<0401> \{観鈴}「お母さんに」;;;<0401> Que ma mère m'offre quelque chose.
<0402> \{\m{A}}「………」;;;<0402> .........
<0403> \{観鈴}「帰ろうか」;;;<0403> On rentre ?
<0404> \{\m{A}}「ああ」;;;<0404> Ouais.
<0405> 川のせせらぐ音が聞こえる。;;;<0405> Je pouvais entendre les ronflements du ruisseau.
<0406> 体を乗り出して、観鈴がその下を覗き込んでいた。;;;<0406> Misuzu se pencha en avant pour mieux le voir.
<0407> \{観鈴}「お魚、すくいたいな」;;;<0407> Je veux aller pêcher des poissons avec une épuisette.
<0408> \{\m{A}}「俺は泳ぎたいよ…」;;;<0408> Moi, je veux nager...
<0409> そうすれば、どれだけ涼しいことだろう。;;;<0409> Qu'est-ce que ce serait rafraîchissant.
<0410> \{観鈴}「うん、それもいい」;;;<0410> Oui, ça aussi, c'est une bonne idée.
<0411> \{\m{A}}「おまえは、ほんと、なんだっていいんだな」;;;<0411> En fait, tout te va, à toi ?
<0412> \{観鈴}「夏休みだからね。遊べるだけ、遊びたい」;;;<0412> C'est parce que c'est les vacances d'été. Elles sont faites pour s'amuser.
<0413> \{\m{A}}「宿題もしないとな」;;;<0413> Et faire tes devoirs, non ?
<0414> \{観鈴}「ちゃんとがんばってるよ」;;;<0414> Je m'y applique déjà.
<0415> \{\m{A}}「ほんとかよ…」;;;<0415> Vraiment...?
<0416> ようやく風が吹いてきた。;;;<0416> Le vent se leva enfin.
<0417> しばらく、そこで汗を乾かす。;;;<0417> Je pris le temps de laisser sécher ma sueur.
<0418> 観鈴の姿が消えたかと思ったら、下のほうからきゃっきゃと嬉しそうな声が聞こえてくる。;;;<0418> Je crus que Misuzu avait disparu, puis j'entendis des cris de joie venant du bas.
<0419> ひとりで遊び始めたようだった。;;;<0419> Elle s'était mise à jouer toute seule.
<0420> どこまでも、呑気な奴だった。;;;<0420> Toujours aussi insouciante, celle-là.
<0421> 夜になると、ふたりで散歩に出かけた。;;;<0421> Quand la nuit tomba, nous sortîmes nous balader à deux.
<0422> まだ風は生暖かい。;;;<0422> Le vent était encore tiède.
<0423> ふたりで夜道を歩いてゆく。;;;<0423> Nous marchions à deux dans les rues nocturnes.
<0424> どこの家からか風鈴の音が聞こえてきた。;;;<0424> Je pouvais entendre le vent faire sonner les clochettes des carillons de certaines maisons, mais sans savoir lesquelles.
<0425> 観鈴はいちいちその音に反応して、いろんな家の庭先を覗いていた。;;;<0425> Misuzu réagissait à chacun des bruits qu'elle entendait en épiant les jardins de bien des résidences.
<0426> \{観鈴}「あ、花火してるよ」;;;<0426> Ah, ils jouent avec des feux d'artifices.
<0427> \{\m{A}}「そっか。入れてもらうか？」;;;<0427> Ah bon. Tu veux te joindre à eux ?
<0428> \{観鈴}「ううん、いい。家族で楽しそうだし」;;;<0428> Non, ça ira. Ils ont l'air de jouer en famille.
<0429> \{観鈴}「いこっ」;;;<0429> En route !
<0430> 俺の手を引っ張って、人家から離れた。;;;<0430> Elle me prit par la main, et me tira loin de leur maison.
<0431> \{観鈴}「わたしは、\m{A}さんと遊んでるだけで楽しいよ」;;;<0431> Moi, je suis contente de simplement pouvoir jouer avec toi.
<0432> \{\m{A}}「そっか？」;;;<0432> Vraiment ?
<0433> \{観鈴}「そうだよ。\m{A}さん、おもしろい人だし」;;;<0433> Vraiment. \m{A}-san, tu es une drôle de personne.
<0434> \{観鈴}「ううん、おもしろいオタマジャクシだし」;;;<0434> Non, un drôle de têtard.
<0435> \{\m{A}}「わざわざ言い直すな」;;;<0435> Pas besoin de t'embêter à te corriger.
<0436> \{観鈴}「そのオタマジャクシさんと、今日はいろんなことした」;;;<0436> Aujourd'hui, on a fait plein de choses à deux, Têtard-san.
<0437> \{観鈴}「神社で競争したり、クワガタ捕まえたり、川で遊んだり」;;;<0437> On a fait la course au sanctuaire, on a attrapé un lucane cerf-volant, on a joué au ruisseau...
<0438> \{\m{A}}「そうだな…」;;;<0438> C'est vrai...
<0439> \{観鈴}「楽しかった」;;;<0439> Je me suis bien amusée.
<0440> \{\m{A}}「そっか。そらよかったな」;;;<0440> Je vois. C'est bien, que tu te sois amusée.
<0441> \{観鈴}「うん、よかった」;;;<0441> Oui, c'était bien.
<0442> \{観鈴}「実はね、今日、わたしの誕生日だった」;;;<0442> En fait, tu vois, aujourd'hui, eh bien c'était mon anniversaire.
<0443> \{\m{A}}「え？」;;;<0443> Hein ?
<0444> その言葉に、俺は驚く。;;;<0444> Ces derniers mots me stupéfièrent.
<0445> こいつがそんなことを隠しているとは思わなかったからだ。;;;<0445> Je n'aurais jamais pensé qu'elle m'aurait caché une telle chose.
<0446> \{観鈴}「こんな楽しい誕生日なかったから、すごくよかった」;;;<0446> C'était le meilleur anniversaire de ma vie, ça m'a fait très plaisir.
<0447> \{\m{A}}「おまえな…そんな大事なこと、どうして隠してたんだよ」;;;<0447> Hé... Pourquoi tu m'as caché un événement aussi important ?
<0448> \{観鈴}「もし言ってたら、\m{A}さん、どうしてくれた？」;;;<0448> Si je te l'avais dit avant, \m{A}-san, tu aurais fait quoi ?
<0449> \{\m{A}}「そらプレゼントのひとつでも…」;;;<0449> Eh ben, j'aurais pu te prendre un cadeau...
<0450> …そんな金、なかった。;;;<0450> ... Je n'en aurais pas eu les moyens.
<0451> \{\m{A}}「そら、一緒に遊ぶぐらいのことは…できただろ」;;;<0451> Ben, on aurait pu jouer ensemble... C'est ce qu'on a fait.
<0452> \{観鈴}「うん、してくれたよ、\m{A}さん」;;;<0452> Oui, c'est ce qu'on a fait, \m{A}-san.
<0453> \{\m{A}}「そうか…そうだったな…」;;;<0453> Je vois... C'est vrai, ça...
<0454> \{\m{A}}「いや、それでもな、特別な日だということを知っていれば、それなりに俺も盛り上げようと…」;;;<0454> Nan, ce que je voulais dire, c'est que si j'avais su que c'était un jour aussi spécial, je me serais débrouillé pour animer un peu l'ambiance...
<0455> \{\m{A}}（いや…それもないか…）;;;<0455> Nan... J'aurais pas fait ça non plus...
<0456> 結局知っていても、観鈴の言うとおり同じだっただろう。;;;<0456> En fait, même si je l'avais su, ç'aurait été comme Misuzu l'avait dit.
<0457> \{観鈴}「じゃ、そろそろ戻ろうかー」;;;<0457> Allez, il est temps de rentrer—.
<0458> 観鈴が踵を返して、進路を変える。;;;<0458> Misuzu pivota sur ses talons et changea de direction.
<0459> \{\m{A}}「な、観鈴」;;;<0459> Dis, Misuzu.
<0460> \{観鈴}「うん？」;;;<0460> Oui ?
<0461> 先を歩いていた観鈴が振り返る。;;;<0461> Misuzu, qui marchait plus en avant, fit volte-face.
<0462> \{\m{A}}「夏休みはまだまだあるからさ…」;;;<0462> Tes vacances d'été sont loin d'être finies...
<0463> \{\m{A}}「もっとたくさん、遊ぼうな」;;;<0463> Alors jouons encore et encore.
<0464> \{観鈴}「うんっ」;;;<0464> Oui !
<0465> 笑って頷く。;;;<0465> Elle sourit et hocha la tête.
<0466> 俺は、観鈴のそばにいることが好きになっていたのだろう。;;;<0466> Je commençais à apprécier sa compagnie.
<0467> そう思う。;;;<0467> Je le pensais vraiment.
<0468> 観鈴の後ろについて、夜空を見上げる。;;;<0468> Alors que je suivais Misuzu, je levai les yeux en direction du ciel nocturne.
<0469> 欠け始めた月。;;;<0469> La lune avait commencé à décroître.
<0470> \{観鈴}「あのね、わたしが見た空の夢…」;;;<0470> Tu sais, à propos de mon rêve avec le ciel...
<0471> 観鈴から、その話を口にしていた。;;;<0471> Elle allait finalement m'en parler.
<0472> それはずっと聞こうと思って、聞けなかった話だった。;;;<0472> J'avais toujours voulu qu'elle m'en parle, mais je ne lui avais jamais demandé.
<0473> \{観鈴}「その夢はね、ずっと続いてるの」;;;<0473> Ce rêve, ben il revient tout le temps.
<0474> \{観鈴}「見たの、一回とか二回じゃなくて…毎晩続いてるの」;;;<0474> Je ne l'ai pas fait qu'une ou deux fois... Il revient tous les soirs.
<0475> \{観鈴}「夏休みが始まった日から」;;;<0475> Depuis le premier jour des vacances d'été.
<0476> \{\m{A}}「そっか…」;;;<0476> Ah bon...
<0477> 興奮を抑えて、低い声で相づちを打つ。;;;<0477> lâchai-je comme pour contenir mon agitation.
<0478> \{観鈴}「それでね、わたしその夢をさかのぼってる」;;;<0478> Et ce rêve, il montre le passé.
<0479> \{\m{A}}「え？」;;;<0479> Hein ?
<0480> \{観鈴}「さかのぼってるの」;;;<0480> Il montre le passé.
<0481> \{\m{A}}「どういう意味だよ…」;;;<0481> Qu'est-ce que tu veux dire par là...?
<0482> \{観鈴}「ええと…」;;;<0482> Euh...
<0483> \{観鈴}「うまく言えないけど、わかるの」;;;<0483> Je ne sais pas trop comment l'expliquer, mais je le sais.
<0484> \{\m{A}}「空が変わるのか？」;;;<0484> Le ciel, il change ?
<0485> \{観鈴}「ううん、空は変わらxない。いつも同じ」;;;<0485> Non. Le ciel ne change pas. C'est toujours le même.
<0486> \{観鈴}「風の匂いとか、肌触りでわかるの」;;;<0486> Je m'en rends compte grâce à l'odeur du vent, ou les sensations sur ma peau.
<0487> \{観鈴}「空気の流れ、季節の移り変わり…」;;;<0487> Le souffle de l'air, les changements de saisons...
<0488> \{観鈴}「わたしは時間をさかのぼってるって」;;;<0488> Ils me disent que je remonte le temps.
<0489> \{\m{A}}「なんだよ、それって…」;;;<0489> Qu'est-ce que ça veut dire, ce truc...?
<0490> \{\m{A}}「そんな夢、聞いたことないぞ」;;;<0490> Je n'ai jamais entendu parler d'un tel rêve.
<0491> \{観鈴}「そうだね、聞いたことないよね」;;;<0491> Ben oui. Moi non plus.
<0492> \{観鈴}「ね、\m{A}さん」;;;<0492> Hé, \m{A}-san.
<0493> \{観鈴}「わたしの夢はどこに向かっているのかな」;;;<0493> Où penses-tu que mon rêve m'emmènera ?
